-- phpMyAdmin SQL Dump
-- version 5.2.2
-- https://www.phpmyadmin.net/
--
-- Anamakine: 127.0.0.1:3306
-- Üretim Zamanı: 13 Mar 2026, 23:50:24
-- Sunucu sürümü: 11.8.3-MariaDB-log
-- PHP Sürümü: 7.2.34

SET SQL_MODE = "NO_AUTO_VALUE_ON_ZERO";
START TRANSACTION;
SET time_zone = "+00:00";


/*!40101 SET @OLD_CHARACTER_SET_CLIENT=@@CHARACTER_SET_CLIENT */;
/*!40101 SET @OLD_CHARACTER_SET_RESULTS=@@CHARACTER_SET_RESULTS */;
/*!40101 SET @OLD_COLLATION_CONNECTION=@@COLLATION_CONNECTION */;
/*!40101 SET NAMES utf8mb4 */;

--
-- Veritabanı: `u183773716_whatsapp`
--

-- --------------------------------------------------------

--
-- Tablo için tablo yapısı `contacts`
--

CREATE TABLE `contacts` (
  `id` int(11) NOT NULL,
  `user_id` int(11) NOT NULL,
  `phone` varchar(20) NOT NULL,
  `name` varchar(255) DEFAULT NULL,
  `created_at` timestamp NULL DEFAULT current_timestamp(),
  `updated_at` timestamp NULL DEFAULT current_timestamp() ON UPDATE current_timestamp()
) ENGINE=InnoDB DEFAULT CHARSET=utf8mb4 COLLATE=utf8mb4_turkish_ci;

--
-- Tablo döküm verisi `contacts`
--

INSERT INTO `contacts` (`id`, `user_id`, `phone`, `name`, `created_at`, `updated_at`) VALUES
(1, 1, '90531194956', 'Müşteri 1 (Firma 1)', '2026-03-10 22:04:42', '2026-03-10 22:04:42'),
(2, 1, '90533844665', 'Müşteri 2 (Firma 1)', '2026-03-10 22:04:42', '2026-03-10 22:04:42'),
(3, 1, '90532823834', 'Müşteri 3 (Firma 1)', '2026-03-10 22:04:42', '2026-03-10 22:04:42'),
(4, 1, '90538153113', 'Müşteri 4 (Firma 1)', '2026-03-10 22:04:42', '2026-03-10 22:04:42'),
(5, 1, '90538676240', 'Müşteri 5 (Firma 1)', '2026-03-10 22:04:42', '2026-03-10 22:04:42'),
(6, 1, '90539740530', 'Müşteri 6 (Firma 1)', '2026-03-10 22:04:42', '2026-03-10 22:04:42'),
(7, 1, '90538188798', 'Müşteri 7 (Firma 1)', '2026-03-10 22:04:42', '2026-03-10 22:04:42'),
(8, 1, '90539472682', 'Müşteri 8 (Firma 1)', '2026-03-10 22:04:42', '2026-03-10 22:04:42'),
(9, 1, '90532039538', 'Müşteri 9 (Firma 1)', '2026-03-10 22:04:42', '2026-03-10 22:04:42'),
(10, 1, '90536669989', 'Müşteri 10 (Firma 1)', '2026-03-10 22:04:42', '2026-03-10 22:04:42'),
(11, 2, '90535374077', 'Müşteri 1 (Firma 2)', '2026-03-10 22:04:42', '2026-03-10 22:04:42'),
(12, 2, '90537437334', 'Müşteri 2 (Firma 2)', '2026-03-10 22:04:42', '2026-03-10 22:04:42'),
(13, 2, '90532451933', 'Müşteri 3 (Firma 2)', '2026-03-10 22:04:42', '2026-03-10 22:04:42'),
(14, 2, '90536880904', 'Müşteri 4 (Firma 2)', '2026-03-10 22:04:42', '2026-03-10 22:04:42'),
(15, 2, '90538476417', 'Müşteri 5 (Firma 2)', '2026-03-10 22:04:42', '2026-03-10 22:04:42'),
(16, 2, '90535803121', 'Müşteri 6 (Firma 2)', '2026-03-10 22:04:42', '2026-03-10 22:04:42'),
(17, 2, '90531282191', 'Müşteri 7 (Firma 2)', '2026-03-10 22:04:42', '2026-03-10 22:04:42'),
(18, 2, '90533873484', 'Müşteri 8 (Firma 2)', '2026-03-10 22:04:42', '2026-03-10 22:04:42'),
(19, 2, '90531533063', 'Müşteri 9 (Firma 2)', '2026-03-10 22:04:42', '2026-03-10 22:04:42'),
(20, 2, '90532204908', 'Müşteri 10 (Firma 2)', '2026-03-10 22:04:42', '2026-03-10 22:04:42'),
(21, 3, '90539933347', 'Müşteri 1 (Firma 3)', '2026-03-10 22:04:42', '2026-03-10 22:04:42'),
(22, 3, '90536505619', 'Müşteri 2 (Firma 3)', '2026-03-10 22:04:42', '2026-03-10 22:04:42'),
(23, 3, '90539586656', 'Müşteri 3 (Firma 3)', '2026-03-10 22:04:42', '2026-03-10 22:04:42'),
(24, 3, '90538719901', 'Müşteri 4 (Firma 3)', '2026-03-10 22:04:42', '2026-03-10 22:04:42'),
(25, 3, '90537448614', 'Müşteri 5 (Firma 3)', '2026-03-10 22:04:42', '2026-03-10 22:04:42'),
(26, 3, '90536182594', 'Müşteri 6 (Firma 3)', '2026-03-10 22:04:42', '2026-03-10 22:04:42'),
(27, 3, '90538286367', 'Müşteri 7 (Firma 3)', '2026-03-10 22:04:42', '2026-03-10 22:04:42'),
(28, 3, '90531614000', 'Müşteri 8 (Firma 3)', '2026-03-10 22:04:42', '2026-03-10 22:04:42'),
(29, 3, '90534945965', 'Müşteri 9 (Firma 3)', '2026-03-10 22:04:42', '2026-03-10 22:04:42'),
(30, 3, '90536592136', 'Müşteri 10 (Firma 3)', '2026-03-10 22:04:42', '2026-03-10 22:04:42'),
(31, 1, '905529243992', 'Müşteri', '2026-03-12 00:00:10', '2026-03-13 22:06:58'),
(32, 1, '905352389989', 'Uğur', '2026-03-12 00:08:31', '2026-03-12 00:08:31'),
(33, 1, '905413562413', 'Gülçin', '2026-03-12 01:42:31', '2026-03-12 10:24:07'),
(588, 1, '905358339364', 'Müşteri', '2026-03-12 10:46:22', '2026-03-12 10:46:22'),
(607, 1, '905332837563', 'Cansel', '2026-03-12 11:03:42', '2026-03-13 09:24:12'),
(608, 1, '905068315348', 'gül', '2026-03-12 11:03:42', '2026-03-12 11:03:42'),
(609, 1, '905426032914', 'Suat', '2026-03-12 11:03:43', '2026-03-12 11:05:15'),
(610, 1, '905447467825', 'Maria', '2026-03-12 11:03:43', '2026-03-12 12:20:49'),
(611, 1, '905422380512', 'Hüseyin', '2026-03-12 11:04:42', '2026-03-12 11:39:28'),
(612, 1, '905456115721', 'Charly', '2026-03-12 11:04:43', '2026-03-12 11:07:09'),
(613, 1, '905301082960', 'Yeliz', '2026-03-12 11:04:43', '2026-03-12 11:04:43'),
(614, 1, '905419183716', 'Didar', '2026-03-12 11:04:43', '2026-03-12 11:28:49'),
(615, 1, '905327174424', 'TÜRKAN', '2026-03-12 11:04:44', '2026-03-12 11:04:44'),
(618, 1, '905323343440', 'Şöhret', '2026-03-12 11:27:41', '2026-03-12 11:27:41'),
(625, 1, '905300831957', 'Nuriye', '2026-03-12 11:51:41', '2026-03-12 11:51:41'),
(627, 1, '905302615377', 'Müşteri', '2026-03-12 12:26:57', '2026-03-13 10:19:31'),
(629, 1, '905458557542', 'Shahs', '2026-03-12 12:34:42', '2026-03-12 12:34:42'),
(636, 1, '905309443829', 'Müşteri', '2026-03-12 13:08:31', '2026-03-12 13:08:31'),
(637, 1, '905382377521', 'Müşteri', '2026-03-12 13:17:51', '2026-03-12 13:17:51'),
(638, 1, '905323109724', 'Canan', '2026-03-12 13:20:42', '2026-03-12 13:20:42'),
(639, 1, '905359539008', 'Kemal', '2026-03-12 13:31:42', '2026-03-12 14:01:14'),
(640, 1, '905376848116', 'Hasandudııefııfk', '2026-03-12 13:31:42', '2026-03-12 13:32:12'),
(642, 1, '905355993722', 'Nihal', '2026-03-12 13:54:41', '2026-03-12 14:18:49'),
(646, 1, '905056731387', 'Huriye', '2026-03-12 14:29:42', '2026-03-12 14:29:42'),
(647, 1, '905525284584', 'Fahreddin', '2026-03-12 15:28:42', '2026-03-12 15:28:42'),
(648, 1, '905350601542', 'Sariye', '2026-03-12 15:47:42', '2026-03-12 15:47:42'),
(649, 1, '905388617705', 'Müşteri', '2026-03-12 16:14:27', '2026-03-12 16:14:48'),
(657, 1, '905398829292', 'Sancar', '2026-03-12 17:22:42', '2026-03-12 17:23:03'),
(660, 1, '905393577014', 'Khatuna', '2026-03-12 17:40:51', '2026-03-12 17:40:51'),
(661, 1, '905312909316', 'Erdoğan', '2026-03-12 18:55:42', '2026-03-12 18:55:42'),
(662, 1, '905374394457', 'Müşteri', '2026-03-12 19:48:11', '2026-03-12 19:48:11'),
(663, 1, '905457351317', 'Kenan', '2026-03-12 20:23:43', '2026-03-12 21:28:58'),
(664, 1, '905334767353', 'Ahmet', '2026-03-12 20:40:42', '2026-03-12 20:41:34'),
(666, 1, '905336855904', 'Nur', '2026-03-12 20:42:42', '2026-03-13 02:01:25'),
(667, 1, '905392050525', 'Nil', '2026-03-12 20:44:37', '2026-03-12 20:45:40'),
(671, 1, '905395562031', 'Mukaddas', '2026-03-12 21:31:42', '2026-03-12 21:35:22'),
(675, 1, '905459762381', 'Ali', '2026-03-12 21:37:42', '2026-03-12 21:37:42'),
(676, 1, '905305439463', 'Münevver', '2026-03-12 21:42:42', '2026-03-12 21:48:18'),
(678, 1, '905386773405', 'Nazıra', '2026-03-12 21:53:42', '2026-03-12 21:53:42'),
(680, 1, '905340330824', 'Emine', '2026-03-13 03:55:42', '2026-03-13 03:55:42'),
(681, 1, '905346004434', 'Özgür', '2026-03-13 04:50:42', '2026-03-13 04:51:19'),
(683, 1, '905411265353', 'Müşteri', '2026-03-13 06:12:58', '2026-03-13 06:12:58'),
(684, 1, '905357414851', 'Muzaffer', '2026-03-13 08:03:43', '2026-03-13 08:03:43'),
(685, 1, '905350534509', 'Müşteri', '2026-03-13 08:09:46', '2026-03-13 08:14:21'),
(687, 1, '905323346449', 'Telman', '2026-03-13 08:41:42', '2026-03-13 08:41:42'),
(689, 1, '905076821584', 'Hanife', '2026-03-13 09:43:42', '2026-03-13 09:43:42'),
(690, 1, '905515132319', 'Belma', '2026-03-13 10:05:42', '2026-03-13 10:05:42'),
(693, 1, '905075377056', 'Tugce', '2026-03-13 11:37:42', '2026-03-13 11:37:42'),
(694, 1, '905422119302', 'Alifuat', '2026-03-13 12:14:42', '2026-03-13 12:14:42');

-- --------------------------------------------------------

--
-- Tablo için tablo yapısı `messages`
--

CREATE TABLE `messages` (
  `id` int(11) NOT NULL,
  `message_id` varchar(255) DEFAULT NULL,
  `user_id` int(11) NOT NULL,
  `contact_id` int(11) NOT NULL,
  `direction` enum('incoming','outgoing') NOT NULL,
  `type` varchar(50) NOT NULL,
  `content` text DEFAULT NULL,
  `timestamp` datetime NOT NULL,
  `raw_data` longtext CHARACTER SET utf8mb4 COLLATE utf8mb4_bin DEFAULT NULL CHECK (json_valid(`raw_data`))
) ENGINE=InnoDB DEFAULT CHARSET=utf8mb4 COLLATE=utf8mb4_turkish_ci;

--
-- Tablo döküm verisi `messages`
--

INSERT INTO `messages` (`id`, `message_id`, `user_id`, `contact_id`, `direction`, `type`, `content`, `timestamp`, `raw_data`) VALUES
(1, 'wamid.e4c8bc28d2c54f3c97f069bcca2794b5', 1, 1, 'incoming', 'text', 'Merhaba, sipariş vermek istiyorum.', '2026-03-08 01:39:42', '{\"id\": \"wamid.e4c8bc28d2c54f3c97f069bcca2794b5\", \"note\": \"seeded_mock_data\"}'),
(2, 'wamid.2d5e0ccd1c6f4926a31d6cc936aabf0a', 1, 1, 'outgoing', 'button', 'Siparişinizi onaylıyor musunuz? (Onayla / Reddet)', '2026-03-08 02:02:42', '{\"id\": \"wamid.2d5e0ccd1c6f4926a31d6cc936aabf0a\", \"note\": \"seeded_mock_data\"}'),
(3, 'wamid.bf47bb148a3d435db964a806ea1d273e', 1, 1, 'incoming', 'button', 'Onayla', '2026-03-08 02:53:42', '{\"id\": \"wamid.bf47bb148a3d435db964a806ea1d273e\", \"note\": \"seeded_mock_data\"}'),
(4, 'wamid.6f87fe1dbbe34b1bac43433b11f0d9e5', 1, 1, 'outgoing', 'text', 'Siparişiniz başarıyla onaylanmıştır! ✅ Siparişiniz kargoya verildiğinde size bilgilendirme mesajı ileteceğiz.', '2026-03-08 03:11:42', '{\"id\": \"wamid.6f87fe1dbbe34b1bac43433b11f0d9e5\", \"note\": \"seeded_mock_data\"}'),
(5, 'wamid.a4522417d73f401291b5adc8f71ac042', 1, 1, 'incoming', 'button', 'Reddet', '2026-03-08 03:25:42', '{\"id\": \"wamid.a4522417d73f401291b5adc8f71ac042\", \"note\": \"seeded_mock_data\"}'),
(6, 'wamid.3e81d84dd7e84f26b7f7e5c7e1eb3517', 1, 1, 'outgoing', 'text', 'Siparişiniz reddedilmiş ve iptal edilmiştir. Bizimle iletişime geçtiğiniz için teşekkürler.', '2026-03-08 04:12:42', '{\"id\": \"wamid.3e81d84dd7e84f26b7f7e5c7e1eb3517\", \"note\": \"seeded_mock_data\"}'),
(7, 'wamid.8c416fdbaafc4994afe1a9ef56d8eeb3', 1, 1, 'incoming', 'text', 'Adresimi değiştirmek istiyorum.', '2026-03-08 05:03:42', '{\"id\": \"wamid.8c416fdbaafc4994afe1a9ef56d8eeb3\", \"note\": \"seeded_mock_data\"}'),
(8, 'wamid.473d0df427604c60a0537d96d86a7479', 1, 1, 'outgoing', 'text', 'Yeni adresinizi lütfen açık bir şekilde yazınız (AI Destekli Yanıt).', '2026-03-08 05:37:42', '{\"id\": \"wamid.473d0df427604c60a0537d96d86a7479\", \"note\": \"seeded_mock_data\"}'),
(9, 'wamid.15e04fb6bc5f4252ba903305513deb50', 1, 1, 'incoming', 'text', 'Müşteriden gelen test mesajı 9', '2026-03-08 06:18:42', '{\"id\": \"wamid.15e04fb6bc5f4252ba903305513deb50\", \"note\": \"seeded_mock_data\"}'),
(10, 'wamid.cce27197bfc24ed290279b30f46c7d15', 1, 1, 'outgoing', 'text', 'Sistemden giden otomatik yanıt 10', '2026-03-08 06:31:42', '{\"id\": \"wamid.cce27197bfc24ed290279b30f46c7d15\", \"note\": \"seeded_mock_data\"}'),
(11, 'wamid.5bba0518e2284a69857d84da786d031c', 1, 1, 'incoming', 'text', 'Müşteriden gelen test mesajı 11', '2026-03-08 06:58:42', '{\"id\": \"wamid.5bba0518e2284a69857d84da786d031c\", \"note\": \"seeded_mock_data\"}'),
(12, 'wamid.bf080fd9741a452c98dc002e352e63b7', 1, 1, 'outgoing', 'text', 'Sistemden giden otomatik yanıt 12', '2026-03-08 07:42:42', '{\"id\": \"wamid.bf080fd9741a452c98dc002e352e63b7\", \"note\": \"seeded_mock_data\"}'),
(13, 'wamid.a00511c992ce45f986808a4e6826c05c', 1, 1, 'incoming', 'text', 'Müşteriden gelen test mesajı 13', '2026-03-08 07:56:42', '{\"id\": \"wamid.a00511c992ce45f986808a4e6826c05c\", \"note\": \"seeded_mock_data\"}'),
(14, 'wamid.8fbd3c3498034ef086aa800bd0196c78', 1, 1, 'outgoing', 'text', 'Sistemden giden otomatik yanıt 14', '2026-03-08 08:24:42', '{\"id\": \"wamid.8fbd3c3498034ef086aa800bd0196c78\", \"note\": \"seeded_mock_data\"}'),
(15, 'wamid.63204983201546508d5b536d397b9d15', 1, 1, 'incoming', 'text', 'Müşteriden gelen test mesajı 15', '2026-03-08 08:54:42', '{\"id\": \"wamid.63204983201546508d5b536d397b9d15\", \"note\": \"seeded_mock_data\"}'),
(16, 'wamid.e5a435be743849888551d76b5aa1f3a2', 1, 1, 'outgoing', 'text', 'Sistemden giden otomatik yanıt 16', '2026-03-08 09:10:42', '{\"id\": \"wamid.e5a435be743849888551d76b5aa1f3a2\", \"note\": \"seeded_mock_data\"}'),
(17, 'wamid.4c4e23e3d47f4fafb99a669803fe69b2', 1, 1, 'incoming', 'text', 'Müşteriden gelen test mesajı 17', '2026-03-08 09:14:42', '{\"id\": \"wamid.4c4e23e3d47f4fafb99a669803fe69b2\", \"note\": \"seeded_mock_data\"}'),
(18, 'wamid.7648be0a2ce84fc0816c10cb6f2af85f', 1, 1, 'outgoing', 'text', 'Sistemden giden otomatik yanıt 18', '2026-03-08 09:46:42', '{\"id\": \"wamid.7648be0a2ce84fc0816c10cb6f2af85f\", \"note\": \"seeded_mock_data\"}'),
(19, 'wamid.05db1ba9605d495db0b15eee5fa5766f', 1, 1, 'incoming', 'text', 'Müşteriden gelen test mesajı 19', '2026-03-08 09:49:42', '{\"id\": \"wamid.05db1ba9605d495db0b15eee5fa5766f\", \"note\": \"seeded_mock_data\"}'),
(20, 'wamid.99780fec764841d386bbd1cba8702ddb', 1, 1, 'outgoing', 'text', 'Sistemden giden otomatik yanıt 20', '2026-03-08 10:49:42', '{\"id\": \"wamid.99780fec764841d386bbd1cba8702ddb\", \"note\": \"seeded_mock_data\"}'),
(21, 'wamid.43e1226dd0c2465eac28d67dfa3a886e', 1, 2, 'incoming', 'text', 'Merhaba, sipariş vermek istiyorum.', '2026-03-08 01:30:42', '{\"id\": \"wamid.43e1226dd0c2465eac28d67dfa3a886e\", \"note\": \"seeded_mock_data\"}'),
(22, 'wamid.de4d6bff1a704cda86f921b5b6797b99', 1, 2, 'outgoing', 'button', 'Siparişinizi onaylıyor musunuz? (Onayla / Reddet)', '2026-03-08 01:42:42', '{\"id\": \"wamid.de4d6bff1a704cda86f921b5b6797b99\", \"note\": \"seeded_mock_data\"}'),
(23, 'wamid.8cf4d23c938242829fa0490450f9cfeb', 1, 2, 'incoming', 'button', 'Onayla', '2026-03-08 02:04:42', '{\"id\": \"wamid.8cf4d23c938242829fa0490450f9cfeb\", \"note\": \"seeded_mock_data\"}'),
(24, 'wamid.bd5207e758664514807a5fdd607a7526', 1, 2, 'outgoing', 'text', 'Siparişiniz başarıyla onaylanmıştır! ✅ Siparişiniz kargoya verildiğinde size bilgilendirme mesajı ileteceğiz.', '2026-03-08 02:10:42', '{\"id\": \"wamid.bd5207e758664514807a5fdd607a7526\", \"note\": \"seeded_mock_data\"}'),
(25, 'wamid.d73dd69fe8994b539963a42f707a6b84', 1, 2, 'incoming', 'button', 'Reddet', '2026-03-08 02:44:42', '{\"id\": \"wamid.d73dd69fe8994b539963a42f707a6b84\", \"note\": \"seeded_mock_data\"}'),
(26, 'wamid.ab640fe295d1446dac06cce2032ca525', 1, 2, 'outgoing', 'text', 'Siparişiniz reddedilmiş ve iptal edilmiştir. Bizimle iletişime geçtiğiniz için teşekkürler.', '2026-03-08 03:29:42', '{\"id\": \"wamid.ab640fe295d1446dac06cce2032ca525\", \"note\": \"seeded_mock_data\"}'),
(27, 'wamid.c9e85b5b28aa4ffba917e4a907ec531f', 1, 2, 'incoming', 'text', 'Adresimi değiştirmek istiyorum.', '2026-03-08 03:31:42', '{\"id\": \"wamid.c9e85b5b28aa4ffba917e4a907ec531f\", \"note\": \"seeded_mock_data\"}'),
(28, 'wamid.2965340f453a4518917077a75da1e429', 1, 2, 'outgoing', 'text', 'Yeni adresinizi lütfen açık bir şekilde yazınız (AI Destekli Yanıt).', '2026-03-08 03:38:42', '{\"id\": \"wamid.2965340f453a4518917077a75da1e429\", \"note\": \"seeded_mock_data\"}'),
(29, 'wamid.bdac959fba3646c69d70b3affc3fb4e2', 1, 2, 'incoming', 'text', 'Müşteriden gelen test mesajı 9', '2026-03-08 03:46:42', '{\"id\": \"wamid.bdac959fba3646c69d70b3affc3fb4e2\", \"note\": \"seeded_mock_data\"}'),
(30, 'wamid.ed82595541d8408285361a98a88cfbe3', 1, 2, 'outgoing', 'text', 'Sistemden giden otomatik yanıt 10', '2026-03-08 04:07:42', '{\"id\": \"wamid.ed82595541d8408285361a98a88cfbe3\", \"note\": \"seeded_mock_data\"}'),
(31, 'wamid.3212223abf72499f9562f4e32716707f', 1, 2, 'incoming', 'text', 'Müşteriden gelen test mesajı 11', '2026-03-08 04:39:42', '{\"id\": \"wamid.3212223abf72499f9562f4e32716707f\", \"note\": \"seeded_mock_data\"}'),
(32, 'wamid.337b235d2550463386b41be7008bc430', 1, 2, 'outgoing', 'text', 'Sistemden giden otomatik yanıt 12', '2026-03-08 04:47:42', '{\"id\": \"wamid.337b235d2550463386b41be7008bc430\", \"note\": \"seeded_mock_data\"}'),
(33, 'wamid.c198f083c59b4c95bf9119b10d60d4ae', 1, 2, 'incoming', 'text', 'Müşteriden gelen test mesajı 13', '2026-03-08 04:53:42', '{\"id\": \"wamid.c198f083c59b4c95bf9119b10d60d4ae\", \"note\": \"seeded_mock_data\"}'),
(34, 'wamid.114cd6bdf36f4131bbd1a091e62b38b5', 1, 2, 'outgoing', 'text', 'Sistemden giden otomatik yanıt 14', '2026-03-08 05:43:42', '{\"id\": \"wamid.114cd6bdf36f4131bbd1a091e62b38b5\", \"note\": \"seeded_mock_data\"}'),
(35, 'wamid.1d546f948d62428d9c866ba7e4d65d2d', 1, 2, 'incoming', 'text', 'Müşteriden gelen test mesajı 15', '2026-03-08 05:55:42', '{\"id\": \"wamid.1d546f948d62428d9c866ba7e4d65d2d\", \"note\": \"seeded_mock_data\"}'),
(36, 'wamid.7a73e03b77ee4f2784c9fbecbec28c78', 1, 2, 'outgoing', 'text', 'Sistemden giden otomatik yanıt 16', '2026-03-08 06:52:42', '{\"id\": \"wamid.7a73e03b77ee4f2784c9fbecbec28c78\", \"note\": \"seeded_mock_data\"}'),
(37, 'wamid.8b7ba89077f6429dadd42ec254915de6', 1, 2, 'incoming', 'text', 'Müşteriden gelen test mesajı 17', '2026-03-08 07:21:42', '{\"id\": \"wamid.8b7ba89077f6429dadd42ec254915de6\", \"note\": \"seeded_mock_data\"}'),
(38, 'wamid.99e5e73908c741cab50a8dfbde8b4eb8', 1, 2, 'outgoing', 'text', 'Sistemden giden otomatik yanıt 18', '2026-03-08 07:34:42', '{\"id\": \"wamid.99e5e73908c741cab50a8dfbde8b4eb8\", \"note\": \"seeded_mock_data\"}'),
(39, 'wamid.177a7f8852ca47a5906e4d458cb7b776', 1, 2, 'incoming', 'text', 'Müşteriden gelen test mesajı 19', '2026-03-08 08:26:42', '{\"id\": \"wamid.177a7f8852ca47a5906e4d458cb7b776\", \"note\": \"seeded_mock_data\"}'),
(40, 'wamid.5f9125c188094107b276f3447401dd4d', 1, 2, 'outgoing', 'text', 'Sistemden giden otomatik yanıt 20', '2026-03-08 08:28:42', '{\"id\": \"wamid.5f9125c188094107b276f3447401dd4d\", \"note\": \"seeded_mock_data\"}'),
(41, 'wamid.81adce92e516469494a69da3615c90f6', 1, 3, 'incoming', 'text', 'Merhaba, sipariş vermek istiyorum.', '2026-03-08 01:58:42', '{\"id\": \"wamid.81adce92e516469494a69da3615c90f6\", \"note\": \"seeded_mock_data\"}'),
(42, 'wamid.655c6225baf84377a6acc1f871ef2384', 1, 3, 'outgoing', 'button', 'Siparişinizi onaylıyor musunuz? (Onayla / Reddet)', '2026-03-08 02:01:42', '{\"id\": \"wamid.655c6225baf84377a6acc1f871ef2384\", \"note\": \"seeded_mock_data\"}'),
(43, 'wamid.a81bddf7e01b4a02b5d58decb4c892c2', 1, 3, 'incoming', 'button', 'Onayla', '2026-03-08 02:22:42', '{\"id\": \"wamid.a81bddf7e01b4a02b5d58decb4c892c2\", \"note\": \"seeded_mock_data\"}'),
(44, 'wamid.124f9b80c74e4f359a52439a57e1e938', 1, 3, 'outgoing', 'text', 'Siparişiniz başarıyla onaylanmıştır! ✅ Siparişiniz kargoya verildiğinde size bilgilendirme mesajı ileteceğiz.', '2026-03-08 02:43:42', '{\"id\": \"wamid.124f9b80c74e4f359a52439a57e1e938\", \"note\": \"seeded_mock_data\"}'),
(45, 'wamid.3d780eabf03249b791820c18e420429c', 1, 3, 'incoming', 'button', 'Reddet', '2026-03-08 03:11:42', '{\"id\": \"wamid.3d780eabf03249b791820c18e420429c\", \"note\": \"seeded_mock_data\"}'),
(46, 'wamid.787cff060d804863845a086b7d7b6dbb', 1, 3, 'outgoing', 'text', 'Siparişiniz reddedilmiş ve iptal edilmiştir. Bizimle iletişime geçtiğiniz için teşekkürler.', '2026-03-08 03:50:42', '{\"id\": \"wamid.787cff060d804863845a086b7d7b6dbb\", \"note\": \"seeded_mock_data\"}'),
(47, 'wamid.4282ef57883843d0b41bc834da147b65', 1, 3, 'incoming', 'text', 'Adresimi değiştirmek istiyorum.', '2026-03-08 04:29:42', '{\"id\": \"wamid.4282ef57883843d0b41bc834da147b65\", \"note\": \"seeded_mock_data\"}'),
(48, 'wamid.5dc9af1f92ae4317910f441efb60a791', 1, 3, 'outgoing', 'text', 'Yeni adresinizi lütfen açık bir şekilde yazınız (AI Destekli Yanıt).', '2026-03-08 05:27:42', '{\"id\": \"wamid.5dc9af1f92ae4317910f441efb60a791\", \"note\": \"seeded_mock_data\"}'),
(49, 'wamid.0d402e04862042f883695fbc8dc95f9b', 1, 3, 'incoming', 'text', 'Müşteriden gelen test mesajı 9', '2026-03-08 06:15:42', '{\"id\": \"wamid.0d402e04862042f883695fbc8dc95f9b\", \"note\": \"seeded_mock_data\"}'),
(50, 'wamid.e20a06c5bb98448b91dfd49f4290dd36', 1, 3, 'outgoing', 'text', 'Sistemden giden otomatik yanıt 10', '2026-03-08 06:25:42', '{\"id\": \"wamid.e20a06c5bb98448b91dfd49f4290dd36\", \"note\": \"seeded_mock_data\"}'),
(51, 'wamid.85dc05cea92a455393106c5c9ddc3d7c', 1, 3, 'incoming', 'text', 'Müşteriden gelen test mesajı 11', '2026-03-08 07:17:42', '{\"id\": \"wamid.85dc05cea92a455393106c5c9ddc3d7c\", \"note\": \"seeded_mock_data\"}'),
(52, 'wamid.391bd524047d4ceb885595f2747d82a2', 1, 3, 'outgoing', 'text', 'Sistemden giden otomatik yanıt 12', '2026-03-08 08:11:42', '{\"id\": \"wamid.391bd524047d4ceb885595f2747d82a2\", \"note\": \"seeded_mock_data\"}'),
(53, 'wamid.f9c7dab672f54cf9b9b0cdb649c7720d', 1, 3, 'incoming', 'text', 'Müşteriden gelen test mesajı 13', '2026-03-08 08:12:42', '{\"id\": \"wamid.f9c7dab672f54cf9b9b0cdb649c7720d\", \"note\": \"seeded_mock_data\"}'),
(54, 'wamid.2f1964754bb6429198777ea97fe8f77c', 1, 3, 'outgoing', 'text', 'Sistemden giden otomatik yanıt 14', '2026-03-08 08:44:42', '{\"id\": \"wamid.2f1964754bb6429198777ea97fe8f77c\", \"note\": \"seeded_mock_data\"}'),
(55, 'wamid.493d53b3131b45caa01a0a5ebe7eb19a', 1, 3, 'incoming', 'text', 'Müşteriden gelen test mesajı 15', '2026-03-08 09:05:42', '{\"id\": \"wamid.493d53b3131b45caa01a0a5ebe7eb19a\", \"note\": \"seeded_mock_data\"}'),
(56, 'wamid.0ce44af4f3624d6fa9a7775a21a49924', 1, 3, 'outgoing', 'text', 'Sistemden giden otomatik yanıt 16', '2026-03-08 09:17:42', '{\"id\": \"wamid.0ce44af4f3624d6fa9a7775a21a49924\", \"note\": \"seeded_mock_data\"}'),
(57, 'wamid.f15f85f2c26a4fef93ce8050ce08a676', 1, 3, 'incoming', 'text', 'Müşteriden gelen test mesajı 17', '2026-03-08 10:17:42', '{\"id\": \"wamid.f15f85f2c26a4fef93ce8050ce08a676\", \"note\": \"seeded_mock_data\"}'),
(58, 'wamid.5876dfea944944a6b6278236418faea6', 1, 3, 'outgoing', 'text', 'Sistemden giden otomatik yanıt 18', '2026-03-08 10:57:42', '{\"id\": \"wamid.5876dfea944944a6b6278236418faea6\", \"note\": \"seeded_mock_data\"}'),
(59, 'wamid.d8d71be22a594243a74b36e0ae6fb41c', 1, 3, 'incoming', 'text', 'Müşteriden gelen test mesajı 19', '2026-03-08 11:43:42', '{\"id\": \"wamid.d8d71be22a594243a74b36e0ae6fb41c\", \"note\": \"seeded_mock_data\"}'),
(60, 'wamid.e8b831d5a60842e5bb6848d911f37951', 1, 3, 'outgoing', 'text', 'Sistemden giden otomatik yanıt 20', '2026-03-08 11:51:42', '{\"id\": \"wamid.e8b831d5a60842e5bb6848d911f37951\", \"note\": \"seeded_mock_data\"}'),
(61, 'wamid.be136dcbedc140af926ce728b80ca9ba', 1, 4, 'incoming', 'text', 'Merhaba, sipariş vermek istiyorum.', '2026-03-08 01:24:42', '{\"id\": \"wamid.be136dcbedc140af926ce728b80ca9ba\", \"note\": \"seeded_mock_data\"}'),
(62, 'wamid.f4eb3538742443e4b2ac9bfe1b4fa223', 1, 4, 'outgoing', 'button', 'Siparişinizi onaylıyor musunuz? (Onayla / Reddet)', '2026-03-08 01:46:42', '{\"id\": \"wamid.f4eb3538742443e4b2ac9bfe1b4fa223\", \"note\": \"seeded_mock_data\"}'),
(63, 'wamid.e05419c3a41549208c4b65381d6a78b9', 1, 4, 'incoming', 'button', 'Onayla', '2026-03-08 02:37:42', '{\"id\": \"wamid.e05419c3a41549208c4b65381d6a78b9\", \"note\": \"seeded_mock_data\"}'),
(64, 'wamid.f024cd200ebe472cb793f94895470e1a', 1, 4, 'outgoing', 'text', 'Siparişiniz başarıyla onaylanmıştır! ✅ Siparişiniz kargoya verildiğinde size bilgilendirme mesajı ileteceğiz.', '2026-03-08 03:19:42', '{\"id\": \"wamid.f024cd200ebe472cb793f94895470e1a\", \"note\": \"seeded_mock_data\"}'),
(65, 'wamid.f85f28464dc347839c634608b3b1a023', 1, 4, 'incoming', 'button', 'Reddet', '2026-03-08 03:35:42', '{\"id\": \"wamid.f85f28464dc347839c634608b3b1a023\", \"note\": \"seeded_mock_data\"}'),
(66, 'wamid.77e16bd613614a5b8ee0ead380650f55', 1, 4, 'outgoing', 'text', 'Siparişiniz reddedilmiş ve iptal edilmiştir. Bizimle iletişime geçtiğiniz için teşekkürler.', '2026-03-08 03:56:42', '{\"id\": \"wamid.77e16bd613614a5b8ee0ead380650f55\", \"note\": \"seeded_mock_data\"}'),
(67, 'wamid.a229ece4cd5344c4946cce8cdc1ecd79', 1, 4, 'incoming', 'text', 'Adresimi değiştirmek istiyorum.', '2026-03-08 04:44:42', '{\"id\": \"wamid.a229ece4cd5344c4946cce8cdc1ecd79\", \"note\": \"seeded_mock_data\"}'),
(68, 'wamid.f90d94b43a214938aecf28311718de3d', 1, 4, 'outgoing', 'text', 'Yeni adresinizi lütfen açık bir şekilde yazınız (AI Destekli Yanıt).', '2026-03-08 05:31:42', '{\"id\": \"wamid.f90d94b43a214938aecf28311718de3d\", \"note\": \"seeded_mock_data\"}'),
(69, 'wamid.b472a6fc0789406c9594d69bcf504560', 1, 4, 'incoming', 'text', 'Müşteriden gelen test mesajı 9', '2026-03-08 06:20:42', '{\"id\": \"wamid.b472a6fc0789406c9594d69bcf504560\", \"note\": \"seeded_mock_data\"}'),
(70, 'wamid.b3ddce28574d424798cf98250bbe66f5', 1, 4, 'outgoing', 'text', 'Sistemden giden otomatik yanıt 10', '2026-03-08 06:34:42', '{\"id\": \"wamid.b3ddce28574d424798cf98250bbe66f5\", \"note\": \"seeded_mock_data\"}'),
(71, 'wamid.3e3945dc44d74fa3a72e9d8431db07b6', 1, 4, 'incoming', 'text', 'Müşteriden gelen test mesajı 11', '2026-03-08 07:09:42', '{\"id\": \"wamid.3e3945dc44d74fa3a72e9d8431db07b6\", \"note\": \"seeded_mock_data\"}'),
(72, 'wamid.7633788b80ea47cf90bdb6689d46ca91', 1, 4, 'outgoing', 'text', 'Sistemden giden otomatik yanıt 12', '2026-03-08 08:05:42', '{\"id\": \"wamid.7633788b80ea47cf90bdb6689d46ca91\", \"note\": \"seeded_mock_data\"}'),
(73, 'wamid.d0d354f9b0754d988696ffdc11cb7b0e', 1, 4, 'incoming', 'text', 'Müşteriden gelen test mesajı 13', '2026-03-08 08:18:42', '{\"id\": \"wamid.d0d354f9b0754d988696ffdc11cb7b0e\", \"note\": \"seeded_mock_data\"}'),
(74, 'wamid.e63a90b402ca4fcc93f26ce70f5dc4bb', 1, 4, 'outgoing', 'text', 'Sistemden giden otomatik yanıt 14', '2026-03-08 08:45:42', '{\"id\": \"wamid.e63a90b402ca4fcc93f26ce70f5dc4bb\", \"note\": \"seeded_mock_data\"}'),
(75, 'wamid.df159157faf249bd89170cd999b4ce6b', 1, 4, 'incoming', 'text', 'Müşteriden gelen test mesajı 15', '2026-03-08 09:24:42', '{\"id\": \"wamid.df159157faf249bd89170cd999b4ce6b\", \"note\": \"seeded_mock_data\"}'),
(76, 'wamid.91fcf5077a2d4dfb925e1a0e9ef1098e', 1, 4, 'outgoing', 'text', 'Sistemden giden otomatik yanıt 16', '2026-03-08 09:25:42', '{\"id\": \"wamid.91fcf5077a2d4dfb925e1a0e9ef1098e\", \"note\": \"seeded_mock_data\"}'),
(77, 'wamid.605709fd8620462aac58f47825f62f9f', 1, 4, 'incoming', 'text', 'Müşteriden gelen test mesajı 17', '2026-03-08 10:19:42', '{\"id\": \"wamid.605709fd8620462aac58f47825f62f9f\", \"note\": \"seeded_mock_data\"}'),
(78, 'wamid.e73054e270414e7ab4ba1b1883f5563c', 1, 4, 'outgoing', 'text', 'Sistemden giden otomatik yanıt 18', '2026-03-08 10:32:42', '{\"id\": \"wamid.e73054e270414e7ab4ba1b1883f5563c\", \"note\": \"seeded_mock_data\"}'),
(79, 'wamid.dedd7cb0aa974275bad9745d542cb101', 1, 4, 'incoming', 'text', 'Müşteriden gelen test mesajı 19', '2026-03-08 10:33:42', '{\"id\": \"wamid.dedd7cb0aa974275bad9745d542cb101\", \"note\": \"seeded_mock_data\"}'),
(80, 'wamid.d67b984de9a74529b0aa7350466457b1', 1, 4, 'outgoing', 'text', 'Sistemden giden otomatik yanıt 20', '2026-03-08 11:07:42', '{\"id\": \"wamid.d67b984de9a74529b0aa7350466457b1\", \"note\": \"seeded_mock_data\"}'),
(81, 'wamid.96ce1e30e956477496f6143845e5bf6b', 1, 5, 'incoming', 'text', 'Merhaba, sipariş vermek istiyorum.', '2026-03-08 02:01:42', '{\"id\": \"wamid.96ce1e30e956477496f6143845e5bf6b\", \"note\": \"seeded_mock_data\"}'),
(82, 'wamid.ad8a1093c0974da3bd22fbdcba002f03', 1, 5, 'outgoing', 'button', 'Siparişinizi onaylıyor musunuz? (Onayla / Reddet)', '2026-03-08 02:57:42', '{\"id\": \"wamid.ad8a1093c0974da3bd22fbdcba002f03\", \"note\": \"seeded_mock_data\"}'),
(83, 'wamid.78640a999208421eabaea56c855eef6c', 1, 5, 'incoming', 'button', 'Onayla', '2026-03-08 03:26:42', '{\"id\": \"wamid.78640a999208421eabaea56c855eef6c\", \"note\": \"seeded_mock_data\"}'),
(84, 'wamid.5842165c975b4f84837da1d7f721c7b6', 1, 5, 'outgoing', 'text', 'Siparişiniz başarıyla onaylanmıştır! ✅ Siparişiniz kargoya verildiğinde size bilgilendirme mesajı ileteceğiz.', '2026-03-08 03:49:42', '{\"id\": \"wamid.5842165c975b4f84837da1d7f721c7b6\", \"note\": \"seeded_mock_data\"}'),
(85, 'wamid.edb61d3cd08446b09619ce08ded4f147', 1, 5, 'incoming', 'button', 'Reddet', '2026-03-08 03:58:42', '{\"id\": \"wamid.edb61d3cd08446b09619ce08ded4f147\", \"note\": \"seeded_mock_data\"}'),
(86, 'wamid.8c14ad97393a48bab319a01176623f13', 1, 5, 'outgoing', 'text', 'Siparişiniz reddedilmiş ve iptal edilmiştir. Bizimle iletişime geçtiğiniz için teşekkürler.', '2026-03-08 04:08:42', '{\"id\": \"wamid.8c14ad97393a48bab319a01176623f13\", \"note\": \"seeded_mock_data\"}'),
(87, 'wamid.a5c49def9e234efda84653e165b484e5', 1, 5, 'incoming', 'text', 'Adresimi değiştirmek istiyorum.', '2026-03-08 04:56:42', '{\"id\": \"wamid.a5c49def9e234efda84653e165b484e5\", \"note\": \"seeded_mock_data\"}'),
(88, 'wamid.c63c185fe7c74ae3a4226264118f4f97', 1, 5, 'outgoing', 'text', 'Yeni adresinizi lütfen açık bir şekilde yazınız (AI Destekli Yanıt).', '2026-03-08 05:56:42', '{\"id\": \"wamid.c63c185fe7c74ae3a4226264118f4f97\", \"note\": \"seeded_mock_data\"}'),
(89, 'wamid.28769f3accd5461aac9806c577093c46', 1, 5, 'incoming', 'text', 'Müşteriden gelen test mesajı 9', '2026-03-08 06:39:42', '{\"id\": \"wamid.28769f3accd5461aac9806c577093c46\", \"note\": \"seeded_mock_data\"}'),
(90, 'wamid.0759ec6f21604f729b8b9f92a7d1cc18', 1, 5, 'outgoing', 'text', 'Sistemden giden otomatik yanıt 10', '2026-03-08 07:37:42', '{\"id\": \"wamid.0759ec6f21604f729b8b9f92a7d1cc18\", \"note\": \"seeded_mock_data\"}'),
(91, 'wamid.6d1d846ce8b14806a930492213225109', 1, 5, 'incoming', 'text', 'Müşteriden gelen test mesajı 11', '2026-03-08 08:17:42', '{\"id\": \"wamid.6d1d846ce8b14806a930492213225109\", \"note\": \"seeded_mock_data\"}'),
(92, 'wamid.f9ed71f105f949f283ece3cc37d4f93a', 1, 5, 'outgoing', 'text', 'Sistemden giden otomatik yanıt 12', '2026-03-08 09:16:42', '{\"id\": \"wamid.f9ed71f105f949f283ece3cc37d4f93a\", \"note\": \"seeded_mock_data\"}'),
(93, 'wamid.b7eac3001e5042e495e54a74bd8e52dd', 1, 5, 'incoming', 'text', 'Müşteriden gelen test mesajı 13', '2026-03-08 09:54:42', '{\"id\": \"wamid.b7eac3001e5042e495e54a74bd8e52dd\", \"note\": \"seeded_mock_data\"}'),
(94, 'wamid.05a9b06eb61b4025a6290d72fe65f300', 1, 5, 'outgoing', 'text', 'Sistemden giden otomatik yanıt 14', '2026-03-08 10:09:42', '{\"id\": \"wamid.05a9b06eb61b4025a6290d72fe65f300\", \"note\": \"seeded_mock_data\"}'),
(95, 'wamid.b9477b5980b44cb4a07e4e0532bc1c9d', 1, 5, 'incoming', 'text', 'Müşteriden gelen test mesajı 15', '2026-03-08 10:23:42', '{\"id\": \"wamid.b9477b5980b44cb4a07e4e0532bc1c9d\", \"note\": \"seeded_mock_data\"}'),
(96, 'wamid.85e40caaa5ab4a80b19c1c667f2e87dc', 1, 5, 'outgoing', 'text', 'Sistemden giden otomatik yanıt 16', '2026-03-08 11:00:42', '{\"id\": \"wamid.85e40caaa5ab4a80b19c1c667f2e87dc\", \"note\": \"seeded_mock_data\"}'),
(97, 'wamid.493244538d934decbda968549910e176', 1, 5, 'incoming', 'text', 'Müşteriden gelen test mesajı 17', '2026-03-08 11:42:42', '{\"id\": \"wamid.493244538d934decbda968549910e176\", \"note\": \"seeded_mock_data\"}'),
(98, 'wamid.1170d2cb16914941ad89d9f98c47c785', 1, 5, 'outgoing', 'text', 'Sistemden giden otomatik yanıt 18', '2026-03-08 12:01:42', '{\"id\": \"wamid.1170d2cb16914941ad89d9f98c47c785\", \"note\": \"seeded_mock_data\"}'),
(99, 'wamid.bdf82e5e7ee04fb0b22465dee451860b', 1, 5, 'incoming', 'text', 'Müşteriden gelen test mesajı 19', '2026-03-08 12:37:42', '{\"id\": \"wamid.bdf82e5e7ee04fb0b22465dee451860b\", \"note\": \"seeded_mock_data\"}'),
(100, 'wamid.90186fc9e4a14749a469593f706e0861', 1, 5, 'outgoing', 'text', 'Sistemden giden otomatik yanıt 20', '2026-03-08 12:45:42', '{\"id\": \"wamid.90186fc9e4a14749a469593f706e0861\", \"note\": \"seeded_mock_data\"}'),
(101, 'wamid.4255340dc88949e5a26a5eab331c0f14', 1, 6, 'incoming', 'text', 'Merhaba, sipariş vermek istiyorum.', '2026-03-08 01:13:42', '{\"id\": \"wamid.4255340dc88949e5a26a5eab331c0f14\", \"note\": \"seeded_mock_data\"}'),
(102, 'wamid.154afebae5254799b041fa83af010f30', 1, 6, 'outgoing', 'button', 'Siparişinizi onaylıyor musunuz? (Onayla / Reddet)', '2026-03-08 01:26:42', '{\"id\": \"wamid.154afebae5254799b041fa83af010f30\", \"note\": \"seeded_mock_data\"}'),
(103, 'wamid.6c069a7f0d9248b8b7c75528546b44d7', 1, 6, 'incoming', 'button', 'Onayla', '2026-03-08 01:39:42', '{\"id\": \"wamid.6c069a7f0d9248b8b7c75528546b44d7\", \"note\": \"seeded_mock_data\"}'),
(104, 'wamid.4ab16c97efcf40249b83043a52ee1678', 1, 6, 'outgoing', 'text', 'Siparişiniz başarıyla onaylanmıştır! ✅ Siparişiniz kargoya verildiğinde size bilgilendirme mesajı ileteceğiz.', '2026-03-08 02:28:42', '{\"id\": \"wamid.4ab16c97efcf40249b83043a52ee1678\", \"note\": \"seeded_mock_data\"}'),
(105, 'wamid.5e36ce2b910546f883fa5183212d2cca', 1, 6, 'incoming', 'button', 'Reddet', '2026-03-08 03:13:42', '{\"id\": \"wamid.5e36ce2b910546f883fa5183212d2cca\", \"note\": \"seeded_mock_data\"}'),
(106, 'wamid.2720ad29c8484ff7a5489833055c3fa2', 1, 6, 'outgoing', 'text', 'Siparişiniz reddedilmiş ve iptal edilmiştir. Bizimle iletişime geçtiğiniz için teşekkürler.', '2026-03-08 03:58:42', '{\"id\": \"wamid.2720ad29c8484ff7a5489833055c3fa2\", \"note\": \"seeded_mock_data\"}'),
(107, 'wamid.69280f6736894d1ab80235e23b382c5b', 1, 6, 'incoming', 'text', 'Adresimi değiştirmek istiyorum.', '2026-03-08 04:41:42', '{\"id\": \"wamid.69280f6736894d1ab80235e23b382c5b\", \"note\": \"seeded_mock_data\"}'),
(108, 'wamid.73e0b2244b6a4d64a131cba3b17615c8', 1, 6, 'outgoing', 'text', 'Yeni adresinizi lütfen açık bir şekilde yazınız (AI Destekli Yanıt).', '2026-03-08 05:22:42', '{\"id\": \"wamid.73e0b2244b6a4d64a131cba3b17615c8\", \"note\": \"seeded_mock_data\"}'),
(109, 'wamid.439b96273f024e05bcfb1aa386f67dd9', 1, 6, 'incoming', 'text', 'Müşteriden gelen test mesajı 9', '2026-03-08 06:05:42', '{\"id\": \"wamid.439b96273f024e05bcfb1aa386f67dd9\", \"note\": \"seeded_mock_data\"}'),
(110, 'wamid.14458e4f16e542c6a174e1e302aadb43', 1, 6, 'outgoing', 'text', 'Sistemden giden otomatik yanıt 10', '2026-03-08 06:55:42', '{\"id\": \"wamid.14458e4f16e542c6a174e1e302aadb43\", \"note\": \"seeded_mock_data\"}'),
(111, 'wamid.805d24cedde246a39b5d02668cb65e41', 1, 6, 'incoming', 'text', 'Müşteriden gelen test mesajı 11', '2026-03-08 07:20:42', '{\"id\": \"wamid.805d24cedde246a39b5d02668cb65e41\", \"note\": \"seeded_mock_data\"}'),
(112, 'wamid.2624f3e486164eb39d5f143dcc3e2fa4', 1, 6, 'outgoing', 'text', 'Sistemden giden otomatik yanıt 12', '2026-03-08 07:24:42', '{\"id\": \"wamid.2624f3e486164eb39d5f143dcc3e2fa4\", \"note\": \"seeded_mock_data\"}'),
(113, 'wamid.4377f5dbabd3450980c2ae0c3bfc72d6', 1, 6, 'incoming', 'text', 'Müşteriden gelen test mesajı 13', '2026-03-08 08:16:42', '{\"id\": \"wamid.4377f5dbabd3450980c2ae0c3bfc72d6\", \"note\": \"seeded_mock_data\"}'),
(114, 'wamid.955f8ee1eef5452da556dc03bd741e82', 1, 6, 'outgoing', 'text', 'Sistemden giden otomatik yanıt 14', '2026-03-08 08:56:42', '{\"id\": \"wamid.955f8ee1eef5452da556dc03bd741e82\", \"note\": \"seeded_mock_data\"}'),
(115, 'wamid.454b7218ebd441a0a2ab38bc5ba04c48', 1, 6, 'incoming', 'text', 'Müşteriden gelen test mesajı 15', '2026-03-08 09:01:42', '{\"id\": \"wamid.454b7218ebd441a0a2ab38bc5ba04c48\", \"note\": \"seeded_mock_data\"}'),
(116, 'wamid.806ea7e6b1d142379e08e011da4b797f', 1, 6, 'outgoing', 'text', 'Sistemden giden otomatik yanıt 16', '2026-03-08 09:04:42', '{\"id\": \"wamid.806ea7e6b1d142379e08e011da4b797f\", \"note\": \"seeded_mock_data\"}'),
(117, 'wamid.1d2fee5b3277449589e31aab3cbbbf2c', 1, 6, 'incoming', 'text', 'Müşteriden gelen test mesajı 17', '2026-03-08 09:11:42', '{\"id\": \"wamid.1d2fee5b3277449589e31aab3cbbbf2c\", \"note\": \"seeded_mock_data\"}'),
(118, 'wamid.c0f5065b9ba14e6e871a2a3ffd72f0e4', 1, 6, 'outgoing', 'text', 'Sistemden giden otomatik yanıt 18', '2026-03-08 09:53:42', '{\"id\": \"wamid.c0f5065b9ba14e6e871a2a3ffd72f0e4\", \"note\": \"seeded_mock_data\"}'),
(119, 'wamid.3d0e2ab85a474e87ab51ef7f78c9e9a9', 1, 6, 'incoming', 'text', 'Müşteriden gelen test mesajı 19', '2026-03-08 10:42:42', '{\"id\": \"wamid.3d0e2ab85a474e87ab51ef7f78c9e9a9\", \"note\": \"seeded_mock_data\"}'),
(120, 'wamid.b031677559eb4b6385ebd2f7b7c02ff9', 1, 6, 'outgoing', 'text', 'Sistemden giden otomatik yanıt 20', '2026-03-08 11:15:42', '{\"id\": \"wamid.b031677559eb4b6385ebd2f7b7c02ff9\", \"note\": \"seeded_mock_data\"}'),
(121, 'wamid.475858120a2f436a8acc983735e5626d', 1, 7, 'incoming', 'text', 'Merhaba, sipariş vermek istiyorum.', '2026-03-08 01:47:42', '{\"id\": \"wamid.475858120a2f436a8acc983735e5626d\", \"note\": \"seeded_mock_data\"}'),
(122, 'wamid.e5f57619458645bc965b48489cf0d786', 1, 7, 'outgoing', 'button', 'Siparişinizi onaylıyor musunuz? (Onayla / Reddet)', '2026-03-08 02:41:42', '{\"id\": \"wamid.e5f57619458645bc965b48489cf0d786\", \"note\": \"seeded_mock_data\"}'),
(123, 'wamid.820537d45d25414e9c90ad085d46bddf', 1, 7, 'incoming', 'button', 'Onayla', '2026-03-08 03:15:42', '{\"id\": \"wamid.820537d45d25414e9c90ad085d46bddf\", \"note\": \"seeded_mock_data\"}'),
(124, 'wamid.dae6abdb9fbc4622af5e1a290d42f93f', 1, 7, 'outgoing', 'text', 'Siparişiniz başarıyla onaylanmıştır! ✅ Siparişiniz kargoya verildiğinde size bilgilendirme mesajı ileteceğiz.', '2026-03-08 04:10:42', '{\"id\": \"wamid.dae6abdb9fbc4622af5e1a290d42f93f\", \"note\": \"seeded_mock_data\"}'),
(125, 'wamid.82cf974aca5b4ef4990579e7cc63649a', 1, 7, 'incoming', 'button', 'Reddet', '2026-03-08 04:28:42', '{\"id\": \"wamid.82cf974aca5b4ef4990579e7cc63649a\", \"note\": \"seeded_mock_data\"}'),
(126, 'wamid.ae47df8823c54549aa6f451fe4b20a76', 1, 7, 'outgoing', 'text', 'Siparişiniz reddedilmiş ve iptal edilmiştir. Bizimle iletişime geçtiğiniz için teşekkürler.', '2026-03-08 04:41:42', '{\"id\": \"wamid.ae47df8823c54549aa6f451fe4b20a76\", \"note\": \"seeded_mock_data\"}'),
(127, 'wamid.2e69c8d0fe4241faa04ae5bab0278091', 1, 7, 'incoming', 'text', 'Adresimi değiştirmek istiyorum.', '2026-03-08 05:16:42', '{\"id\": \"wamid.2e69c8d0fe4241faa04ae5bab0278091\", \"note\": \"seeded_mock_data\"}'),
(128, 'wamid.78ad0f6017fa4fe6bb03f02fe43144cc', 1, 7, 'outgoing', 'text', 'Yeni adresinizi lütfen açık bir şekilde yazınız (AI Destekli Yanıt).', '2026-03-08 05:25:42', '{\"id\": \"wamid.78ad0f6017fa4fe6bb03f02fe43144cc\", \"note\": \"seeded_mock_data\"}'),
(129, 'wamid.19c7f485f5d64e34aaf2b27d5fd8bca7', 1, 7, 'incoming', 'text', 'Müşteriden gelen test mesajı 9', '2026-03-08 05:55:42', '{\"id\": \"wamid.19c7f485f5d64e34aaf2b27d5fd8bca7\", \"note\": \"seeded_mock_data\"}'),
(130, 'wamid.39ff9f60b0734d5f836a36dec3fe2deb', 1, 7, 'outgoing', 'text', 'Sistemden giden otomatik yanıt 10', '2026-03-08 06:19:42', '{\"id\": \"wamid.39ff9f60b0734d5f836a36dec3fe2deb\", \"note\": \"seeded_mock_data\"}'),
(131, 'wamid.e4142ce543d64de7a5734c860ea205b5', 1, 7, 'incoming', 'text', 'Müşteriden gelen test mesajı 11', '2026-03-08 07:13:42', '{\"id\": \"wamid.e4142ce543d64de7a5734c860ea205b5\", \"note\": \"seeded_mock_data\"}'),
(132, 'wamid.7b95dccb512e4164b1ce2e503cf50559', 1, 7, 'outgoing', 'text', 'Sistemden giden otomatik yanıt 12', '2026-03-08 07:49:42', '{\"id\": \"wamid.7b95dccb512e4164b1ce2e503cf50559\", \"note\": \"seeded_mock_data\"}'),
(133, 'wamid.aa5c38048f9149d1b6600881d861ea40', 1, 7, 'incoming', 'text', 'Müşteriden gelen test mesajı 13', '2026-03-08 08:17:42', '{\"id\": \"wamid.aa5c38048f9149d1b6600881d861ea40\", \"note\": \"seeded_mock_data\"}'),
(134, 'wamid.8298f9c484fe475f87729e0256256eea', 1, 7, 'outgoing', 'text', 'Sistemden giden otomatik yanıt 14', '2026-03-08 08:41:42', '{\"id\": \"wamid.8298f9c484fe475f87729e0256256eea\", \"note\": \"seeded_mock_data\"}'),
(135, 'wamid.2a9b1f4762a54a6b8cbfa7de1df9b8fd', 1, 7, 'incoming', 'text', 'Müşteriden gelen test mesajı 15', '2026-03-08 08:45:42', '{\"id\": \"wamid.2a9b1f4762a54a6b8cbfa7de1df9b8fd\", \"note\": \"seeded_mock_data\"}'),
(136, 'wamid.c3464514f5da422a89dd889db6924d20', 1, 7, 'outgoing', 'text', 'Sistemden giden otomatik yanıt 16', '2026-03-08 09:40:42', '{\"id\": \"wamid.c3464514f5da422a89dd889db6924d20\", \"note\": \"seeded_mock_data\"}'),
(137, 'wamid.66011aba88754e3b96f98d3b4913c732', 1, 7, 'incoming', 'text', 'Müşteriden gelen test mesajı 17', '2026-03-08 10:17:42', '{\"id\": \"wamid.66011aba88754e3b96f98d3b4913c732\", \"note\": \"seeded_mock_data\"}'),
(138, 'wamid.bea5d213ba2a46329d247cb0f78d3920', 1, 7, 'outgoing', 'text', 'Sistemden giden otomatik yanıt 18', '2026-03-08 10:30:42', '{\"id\": \"wamid.bea5d213ba2a46329d247cb0f78d3920\", \"note\": \"seeded_mock_data\"}'),
(139, 'wamid.7d13e1d1f71944318e0d5066ac6b8dc6', 1, 7, 'incoming', 'text', 'Müşteriden gelen test mesajı 19', '2026-03-08 11:20:42', '{\"id\": \"wamid.7d13e1d1f71944318e0d5066ac6b8dc6\", \"note\": \"seeded_mock_data\"}'),
(140, 'wamid.0a93db8fed2345c28a8efe1be3533317', 1, 7, 'outgoing', 'text', 'Sistemden giden otomatik yanıt 20', '2026-03-08 12:20:42', '{\"id\": \"wamid.0a93db8fed2345c28a8efe1be3533317\", \"note\": \"seeded_mock_data\"}'),
(141, 'wamid.414506aa75204fe3ac510b25f89c9d83', 1, 8, 'incoming', 'text', 'Merhaba, sipariş vermek istiyorum.', '2026-03-08 01:46:42', '{\"id\": \"wamid.414506aa75204fe3ac510b25f89c9d83\", \"note\": \"seeded_mock_data\"}'),
(142, 'wamid.ad047a3a8f22429b81fcc3de12cc231b', 1, 8, 'outgoing', 'button', 'Siparişinizi onaylıyor musunuz? (Onayla / Reddet)', '2026-03-08 02:19:42', '{\"id\": \"wamid.ad047a3a8f22429b81fcc3de12cc231b\", \"note\": \"seeded_mock_data\"}'),
(143, 'wamid.5d73efe102a94564977ae570034859a8', 1, 8, 'incoming', 'button', 'Onayla', '2026-03-08 02:50:42', '{\"id\": \"wamid.5d73efe102a94564977ae570034859a8\", \"note\": \"seeded_mock_data\"}'),
(144, 'wamid.66cf2f14b6214d76864e7a1a025d429b', 1, 8, 'outgoing', 'text', 'Siparişiniz başarıyla onaylanmıştır! ✅ Siparişiniz kargoya verildiğinde size bilgilendirme mesajı ileteceğiz.', '2026-03-08 03:25:42', '{\"id\": \"wamid.66cf2f14b6214d76864e7a1a025d429b\", \"note\": \"seeded_mock_data\"}'),
(145, 'wamid.35cb81ccd4584b88a58eadd5fded39ee', 1, 8, 'incoming', 'button', 'Reddet', '2026-03-08 03:58:42', '{\"id\": \"wamid.35cb81ccd4584b88a58eadd5fded39ee\", \"note\": \"seeded_mock_data\"}'),
(146, 'wamid.bda3a0273fc145c897cd7323c718623b', 1, 8, 'outgoing', 'text', 'Siparişiniz reddedilmiş ve iptal edilmiştir. Bizimle iletişime geçtiğiniz için teşekkürler.', '2026-03-08 04:58:42', '{\"id\": \"wamid.bda3a0273fc145c897cd7323c718623b\", \"note\": \"seeded_mock_data\"}'),
(147, 'wamid.8782ff89c1f341d88de41ba5a9ef0827', 1, 8, 'incoming', 'text', 'Adresimi değiştirmek istiyorum.', '2026-03-08 05:34:42', '{\"id\": \"wamid.8782ff89c1f341d88de41ba5a9ef0827\", \"note\": \"seeded_mock_data\"}'),
(148, 'wamid.4a6163cac876408bb9296aeb3af813f1', 1, 8, 'outgoing', 'text', 'Yeni adresinizi lütfen açık bir şekilde yazınız (AI Destekli Yanıt).', '2026-03-08 06:10:42', '{\"id\": \"wamid.4a6163cac876408bb9296aeb3af813f1\", \"note\": \"seeded_mock_data\"}'),
(149, 'wamid.1910fba63eed45f3afade053b8416b17', 1, 8, 'incoming', 'text', 'Müşteriden gelen test mesajı 9', '2026-03-08 06:28:42', '{\"id\": \"wamid.1910fba63eed45f3afade053b8416b17\", \"note\": \"seeded_mock_data\"}'),
(150, 'wamid.973308728e9743e7a59bf3839a091fc0', 1, 8, 'outgoing', 'text', 'Sistemden giden otomatik yanıt 10', '2026-03-08 06:45:42', '{\"id\": \"wamid.973308728e9743e7a59bf3839a091fc0\", \"note\": \"seeded_mock_data\"}'),
(151, 'wamid.7eb194fc9fb74e938e01185ec70c6493', 1, 8, 'incoming', 'text', 'Müşteriden gelen test mesajı 11', '2026-03-08 07:13:42', '{\"id\": \"wamid.7eb194fc9fb74e938e01185ec70c6493\", \"note\": \"seeded_mock_data\"}'),
(152, 'wamid.9450f8c1a0ab482c86a5f37f23059c18', 1, 8, 'outgoing', 'text', 'Sistemden giden otomatik yanıt 12', '2026-03-08 07:39:42', '{\"id\": \"wamid.9450f8c1a0ab482c86a5f37f23059c18\", \"note\": \"seeded_mock_data\"}'),
(153, 'wamid.500213f81c0f4cb0b1b2c5a865d0c88c', 1, 8, 'incoming', 'text', 'Müşteriden gelen test mesajı 13', '2026-03-08 08:10:42', '{\"id\": \"wamid.500213f81c0f4cb0b1b2c5a865d0c88c\", \"note\": \"seeded_mock_data\"}'),
(154, 'wamid.0976d4bc11b54891bdcabf09b91738d6', 1, 8, 'outgoing', 'text', 'Sistemden giden otomatik yanıt 14', '2026-03-08 09:02:42', '{\"id\": \"wamid.0976d4bc11b54891bdcabf09b91738d6\", \"note\": \"seeded_mock_data\"}'),
(155, 'wamid.27c4cdbdf3d34bbab7680c0df8de036e', 1, 8, 'incoming', 'text', 'Müşteriden gelen test mesajı 15', '2026-03-08 09:15:42', '{\"id\": \"wamid.27c4cdbdf3d34bbab7680c0df8de036e\", \"note\": \"seeded_mock_data\"}'),
(156, 'wamid.2c4222f4d8804ed6b057ab53d49a2fc1', 1, 8, 'outgoing', 'text', 'Sistemden giden otomatik yanıt 16', '2026-03-08 09:22:42', '{\"id\": \"wamid.2c4222f4d8804ed6b057ab53d49a2fc1\", \"note\": \"seeded_mock_data\"}'),
(157, 'wamid.0915a737c1e04c038e28002270334eda', 1, 8, 'incoming', 'text', 'Müşteriden gelen test mesajı 17', '2026-03-08 09:44:42', '{\"id\": \"wamid.0915a737c1e04c038e28002270334eda\", \"note\": \"seeded_mock_data\"}'),
(158, 'wamid.20b8e1a637e242a885ee3b056a1b4dea', 1, 8, 'outgoing', 'text', 'Sistemden giden otomatik yanıt 18', '2026-03-08 10:05:42', '{\"id\": \"wamid.20b8e1a637e242a885ee3b056a1b4dea\", \"note\": \"seeded_mock_data\"}'),
(159, 'wamid.214c4327aa1249da96c45d5339641b4d', 1, 8, 'incoming', 'text', 'Müşteriden gelen test mesajı 19', '2026-03-08 10:58:42', '{\"id\": \"wamid.214c4327aa1249da96c45d5339641b4d\", \"note\": \"seeded_mock_data\"}'),
(160, 'wamid.278224d814254f889afca60859714373', 1, 8, 'outgoing', 'text', 'Sistemden giden otomatik yanıt 20', '2026-03-08 11:08:42', '{\"id\": \"wamid.278224d814254f889afca60859714373\", \"note\": \"seeded_mock_data\"}'),
(161, 'wamid.99452e8ffa90479585520928a5cac91f', 1, 9, 'incoming', 'text', 'Merhaba, sipariş vermek istiyorum.', '2026-03-08 01:34:42', '{\"id\": \"wamid.99452e8ffa90479585520928a5cac91f\", \"note\": \"seeded_mock_data\"}'),
(162, 'wamid.4cd8471b4c0542199743c5837cd51669', 1, 9, 'outgoing', 'button', 'Siparişinizi onaylıyor musunuz? (Onayla / Reddet)', '2026-03-08 01:36:42', '{\"id\": \"wamid.4cd8471b4c0542199743c5837cd51669\", \"note\": \"seeded_mock_data\"}'),
(163, 'wamid.de9422a91dc44963b706de5edf5876d9', 1, 9, 'incoming', 'button', 'Onayla', '2026-03-08 02:24:42', '{\"id\": \"wamid.de9422a91dc44963b706de5edf5876d9\", \"note\": \"seeded_mock_data\"}'),
(164, 'wamid.c8a1c40a09334ceda1ba730f8b3053a8', 1, 9, 'outgoing', 'text', 'Siparişiniz başarıyla onaylanmıştır! ✅ Siparişiniz kargoya verildiğinde size bilgilendirme mesajı ileteceğiz.', '2026-03-08 02:58:42', '{\"id\": \"wamid.c8a1c40a09334ceda1ba730f8b3053a8\", \"note\": \"seeded_mock_data\"}'),
(165, 'wamid.24d41319e6b5472085e923fa8ba469ff', 1, 9, 'incoming', 'button', 'Reddet', '2026-03-08 03:43:42', '{\"id\": \"wamid.24d41319e6b5472085e923fa8ba469ff\", \"note\": \"seeded_mock_data\"}'),
(166, 'wamid.e0543fd1b9aa42518802d2c4143d4be5', 1, 9, 'outgoing', 'text', 'Siparişiniz reddedilmiş ve iptal edilmiştir. Bizimle iletişime geçtiğiniz için teşekkürler.', '2026-03-08 04:21:42', '{\"id\": \"wamid.e0543fd1b9aa42518802d2c4143d4be5\", \"note\": \"seeded_mock_data\"}'),
(167, 'wamid.87cc850efaeb49b0a48112de493061a9', 1, 9, 'incoming', 'text', 'Adresimi değiştirmek istiyorum.', '2026-03-08 05:17:42', '{\"id\": \"wamid.87cc850efaeb49b0a48112de493061a9\", \"note\": \"seeded_mock_data\"}'),
(168, 'wamid.4286c27e3fc24bb6abc89c416a88b74a', 1, 9, 'outgoing', 'text', 'Yeni adresinizi lütfen açık bir şekilde yazınız (AI Destekli Yanıt).', '2026-03-08 05:40:42', '{\"id\": \"wamid.4286c27e3fc24bb6abc89c416a88b74a\", \"note\": \"seeded_mock_data\"}'),
(169, 'wamid.70692903b2a841568552ccfbd7c4cee8', 1, 9, 'incoming', 'text', 'Müşteriden gelen test mesajı 9', '2026-03-08 06:19:42', '{\"id\": \"wamid.70692903b2a841568552ccfbd7c4cee8\", \"note\": \"seeded_mock_data\"}'),
(170, 'wamid.7498d11d9c7a4d03b4e3126a720f3995', 1, 9, 'outgoing', 'text', 'Sistemden giden otomatik yanıt 10', '2026-03-08 07:16:42', '{\"id\": \"wamid.7498d11d9c7a4d03b4e3126a720f3995\", \"note\": \"seeded_mock_data\"}'),
(171, 'wamid.d0a14be9e9714a3295a9c4cf50ac389a', 1, 9, 'incoming', 'text', 'Müşteriden gelen test mesajı 11', '2026-03-08 07:32:42', '{\"id\": \"wamid.d0a14be9e9714a3295a9c4cf50ac389a\", \"note\": \"seeded_mock_data\"}'),
(172, 'wamid.c78e1466038d40879845df3adcb6b560', 1, 9, 'outgoing', 'text', 'Sistemden giden otomatik yanıt 12', '2026-03-08 07:41:42', '{\"id\": \"wamid.c78e1466038d40879845df3adcb6b560\", \"note\": \"seeded_mock_data\"}'),
(173, 'wamid.092e796d74e34bedbeb2326368847481', 1, 9, 'incoming', 'text', 'Müşteriden gelen test mesajı 13', '2026-03-08 07:55:42', '{\"id\": \"wamid.092e796d74e34bedbeb2326368847481\", \"note\": \"seeded_mock_data\"}'),
(174, 'wamid.1e4abb0014044d02bd63b21ac79f523b', 1, 9, 'outgoing', 'text', 'Sistemden giden otomatik yanıt 14', '2026-03-08 07:58:42', '{\"id\": \"wamid.1e4abb0014044d02bd63b21ac79f523b\", \"note\": \"seeded_mock_data\"}'),
(175, 'wamid.6caec3eb17b041e1a697fbef80b00ab6', 1, 9, 'incoming', 'text', 'Müşteriden gelen test mesajı 15', '2026-03-08 08:01:42', '{\"id\": \"wamid.6caec3eb17b041e1a697fbef80b00ab6\", \"note\": \"seeded_mock_data\"}'),
(176, 'wamid.0fb15b732b9f434fa0ad4c956ead502c', 1, 9, 'outgoing', 'text', 'Sistemden giden otomatik yanıt 16', '2026-03-08 08:40:42', '{\"id\": \"wamid.0fb15b732b9f434fa0ad4c956ead502c\", \"note\": \"seeded_mock_data\"}'),
(177, 'wamid.feb6266243404b00aa53252ee14cdb56', 1, 9, 'incoming', 'text', 'Müşteriden gelen test mesajı 17', '2026-03-08 09:26:42', '{\"id\": \"wamid.feb6266243404b00aa53252ee14cdb56\", \"note\": \"seeded_mock_data\"}'),
(178, 'wamid.3446f520180c46eebe975f5fcaef5544', 1, 9, 'outgoing', 'text', 'Sistemden giden otomatik yanıt 18', '2026-03-08 09:51:42', '{\"id\": \"wamid.3446f520180c46eebe975f5fcaef5544\", \"note\": \"seeded_mock_data\"}'),
(179, 'wamid.86ed62bae7144bcead385c563cc667ab', 1, 9, 'incoming', 'text', 'Müşteriden gelen test mesajı 19', '2026-03-08 09:59:42', '{\"id\": \"wamid.86ed62bae7144bcead385c563cc667ab\", \"note\": \"seeded_mock_data\"}'),
(180, 'wamid.6fc2dbeb8b3a46c0a36127490c4278b1', 1, 9, 'outgoing', 'text', 'Sistemden giden otomatik yanıt 20', '2026-03-08 10:18:42', '{\"id\": \"wamid.6fc2dbeb8b3a46c0a36127490c4278b1\", \"note\": \"seeded_mock_data\"}'),
(181, 'wamid.bd254f26721e4b14823beef4876547af', 1, 10, 'incoming', 'text', 'Merhaba, sipariş vermek istiyorum.', '2026-03-08 01:08:42', '{\"id\": \"wamid.bd254f26721e4b14823beef4876547af\", \"note\": \"seeded_mock_data\"}'),
(182, 'wamid.1a19e49ed4444aacbdbfbc722610d556', 1, 10, 'outgoing', 'button', 'Siparişinizi onaylıyor musunuz? (Onayla / Reddet)', '2026-03-08 01:50:42', '{\"id\": \"wamid.1a19e49ed4444aacbdbfbc722610d556\", \"note\": \"seeded_mock_data\"}'),
(183, 'wamid.077555197715430ea3e27e81478382ff', 1, 10, 'incoming', 'button', 'Onayla', '2026-03-08 02:24:42', '{\"id\": \"wamid.077555197715430ea3e27e81478382ff\", \"note\": \"seeded_mock_data\"}'),
(184, 'wamid.91b3586ea694424bac8a27794b388153', 1, 10, 'outgoing', 'text', 'Siparişiniz başarıyla onaylanmıştır! ✅ Siparişiniz kargoya verildiğinde size bilgilendirme mesajı ileteceğiz.', '2026-03-08 02:58:42', '{\"id\": \"wamid.91b3586ea694424bac8a27794b388153\", \"note\": \"seeded_mock_data\"}'),
(185, 'wamid.4d2d4c1b702e45399472cfe576a97d22', 1, 10, 'incoming', 'button', 'Reddet', '2026-03-08 03:44:42', '{\"id\": \"wamid.4d2d4c1b702e45399472cfe576a97d22\", \"note\": \"seeded_mock_data\"}'),
(186, 'wamid.fe922a272b0e4105af1a48a4bb002f5c', 1, 10, 'outgoing', 'text', 'Siparişiniz reddedilmiş ve iptal edilmiştir. Bizimle iletişime geçtiğiniz için teşekkürler.', '2026-03-08 03:51:42', '{\"id\": \"wamid.fe922a272b0e4105af1a48a4bb002f5c\", \"note\": \"seeded_mock_data\"}'),
(187, 'wamid.a9d4b1d80a9f4080a23d3deded9f9d78', 1, 10, 'incoming', 'text', 'Adresimi değiştirmek istiyorum.', '2026-03-08 04:25:42', '{\"id\": \"wamid.a9d4b1d80a9f4080a23d3deded9f9d78\", \"note\": \"seeded_mock_data\"}'),
(188, 'wamid.ec461220cf1240a582e0934899d1352f', 1, 10, 'outgoing', 'text', 'Yeni adresinizi lütfen açık bir şekilde yazınız (AI Destekli Yanıt).', '2026-03-08 04:38:42', '{\"id\": \"wamid.ec461220cf1240a582e0934899d1352f\", \"note\": \"seeded_mock_data\"}'),
(189, 'wamid.b2510d946b274f76bc7ac660ab415964', 1, 10, 'incoming', 'text', 'Müşteriden gelen test mesajı 9', '2026-03-08 04:42:42', '{\"id\": \"wamid.b2510d946b274f76bc7ac660ab415964\", \"note\": \"seeded_mock_data\"}'),
(190, 'wamid.c856be5437d9439cb85346952baa9a73', 1, 10, 'outgoing', 'text', 'Sistemden giden otomatik yanıt 10', '2026-03-08 05:18:42', '{\"id\": \"wamid.c856be5437d9439cb85346952baa9a73\", \"note\": \"seeded_mock_data\"}'),
(191, 'wamid.ba941a72a54749d6ab799e1954d4d02d', 1, 10, 'incoming', 'text', 'Müşteriden gelen test mesajı 11', '2026-03-08 05:37:42', '{\"id\": \"wamid.ba941a72a54749d6ab799e1954d4d02d\", \"note\": \"seeded_mock_data\"}'),
(192, 'wamid.45d9363a8e6e428ca073360052290fc8', 1, 10, 'outgoing', 'text', 'Sistemden giden otomatik yanıt 12', '2026-03-08 06:21:42', '{\"id\": \"wamid.45d9363a8e6e428ca073360052290fc8\", \"note\": \"seeded_mock_data\"}'),
(193, 'wamid.8e72f7a8213e49e58b34cd513de98d7a', 1, 10, 'incoming', 'text', 'Müşteriden gelen test mesajı 13', '2026-03-08 06:33:42', '{\"id\": \"wamid.8e72f7a8213e49e58b34cd513de98d7a\", \"note\": \"seeded_mock_data\"}'),
(194, 'wamid.a17785cc8c8d401088f91d01d4eb5710', 1, 10, 'outgoing', 'text', 'Sistemden giden otomatik yanıt 14', '2026-03-08 07:00:42', '{\"id\": \"wamid.a17785cc8c8d401088f91d01d4eb5710\", \"note\": \"seeded_mock_data\"}'),
(195, 'wamid.f00736e6057145878059eaeee768446d', 1, 10, 'incoming', 'text', 'Müşteriden gelen test mesajı 15', '2026-03-08 07:37:42', '{\"id\": \"wamid.f00736e6057145878059eaeee768446d\", \"note\": \"seeded_mock_data\"}'),
(196, 'wamid.1879acd20b1349e8aff8aca07ed18cd6', 1, 10, 'outgoing', 'text', 'Sistemden giden otomatik yanıt 16', '2026-03-08 08:00:42', '{\"id\": \"wamid.1879acd20b1349e8aff8aca07ed18cd6\", \"note\": \"seeded_mock_data\"}'),
(197, 'wamid.b7b2af309c214f43a15221b6655baa57', 1, 10, 'incoming', 'text', 'Müşteriden gelen test mesajı 17', '2026-03-08 08:46:42', '{\"id\": \"wamid.b7b2af309c214f43a15221b6655baa57\", \"note\": \"seeded_mock_data\"}'),
(198, 'wamid.5793256a68a54dc49e08ea3f7c9f92f2', 1, 10, 'outgoing', 'text', 'Sistemden giden otomatik yanıt 18', '2026-03-08 09:20:42', '{\"id\": \"wamid.5793256a68a54dc49e08ea3f7c9f92f2\", \"note\": \"seeded_mock_data\"}'),
(199, 'wamid.758280d9639f4ef48f8a31e75f5c5e89', 1, 10, 'incoming', 'text', 'Müşteriden gelen test mesajı 19', '2026-03-08 09:22:42', '{\"id\": \"wamid.758280d9639f4ef48f8a31e75f5c5e89\", \"note\": \"seeded_mock_data\"}'),
(200, 'wamid.5b57788fb90646628b9672077b6e6ef7', 1, 10, 'outgoing', 'text', 'Sistemden giden otomatik yanıt 20', '2026-03-08 09:55:42', '{\"id\": \"wamid.5b57788fb90646628b9672077b6e6ef7\", \"note\": \"seeded_mock_data\"}'),
(201, 'wamid.d4d195760a644bc5aa077b316a8fe619', 2, 11, 'incoming', 'text', 'Merhaba, sipariş vermek istiyorum.', '2026-03-08 02:02:42', '{\"id\": \"wamid.d4d195760a644bc5aa077b316a8fe619\", \"note\": \"seeded_mock_data\"}'),
(202, 'wamid.a89d8e9e395d4cce8e21c9a91ed55397', 2, 11, 'outgoing', 'button', 'Siparişinizi onaylıyor musunuz? (Onayla / Reddet)', '2026-03-08 02:19:42', '{\"id\": \"wamid.a89d8e9e395d4cce8e21c9a91ed55397\", \"note\": \"seeded_mock_data\"}'),
(203, 'wamid.806d37f57f7c4c31ae210824683c91f1', 2, 11, 'incoming', 'button', 'Onayla', '2026-03-08 02:47:42', '{\"id\": \"wamid.806d37f57f7c4c31ae210824683c91f1\", \"note\": \"seeded_mock_data\"}'),
(204, 'wamid.6a769bc3cf8b4fa38004ba8e2d135850', 2, 11, 'outgoing', 'text', 'Siparişiniz başarıyla onaylanmıştır! ✅ Siparişiniz kargoya verildiğinde size bilgilendirme mesajı ileteceğiz.', '2026-03-08 03:30:42', '{\"id\": \"wamid.6a769bc3cf8b4fa38004ba8e2d135850\", \"note\": \"seeded_mock_data\"}'),
(205, 'wamid.3d3d132e994f469da5af8f4e534e64bf', 2, 11, 'incoming', 'button', 'Reddet', '2026-03-08 04:10:42', '{\"id\": \"wamid.3d3d132e994f469da5af8f4e534e64bf\", \"note\": \"seeded_mock_data\"}'),
(206, 'wamid.1dac794e1f7f43c0a799871045dd0dc3', 2, 11, 'outgoing', 'text', 'Siparişiniz reddedilmiş ve iptal edilmiştir. Bizimle iletişime geçtiğiniz için teşekkürler.', '2026-03-08 04:23:42', '{\"id\": \"wamid.1dac794e1f7f43c0a799871045dd0dc3\", \"note\": \"seeded_mock_data\"}'),
(207, 'wamid.ea108de0115b48f8a3f6d7a5ca87b643', 2, 11, 'incoming', 'text', 'Adresimi değiştirmek istiyorum.', '2026-03-08 05:15:42', '{\"id\": \"wamid.ea108de0115b48f8a3f6d7a5ca87b643\", \"note\": \"seeded_mock_data\"}'),
(208, 'wamid.a917f8ded1df4815a4285d707e206fad', 2, 11, 'outgoing', 'text', 'Yeni adresinizi lütfen açık bir şekilde yazınız (AI Destekli Yanıt).', '2026-03-08 05:35:42', '{\"id\": \"wamid.a917f8ded1df4815a4285d707e206fad\", \"note\": \"seeded_mock_data\"}'),
(209, 'wamid.fa9f573f2237440c907ba233375ebef5', 2, 11, 'incoming', 'text', 'Müşteriden gelen test mesajı 9', '2026-03-08 05:38:42', '{\"id\": \"wamid.fa9f573f2237440c907ba233375ebef5\", \"note\": \"seeded_mock_data\"}'),
(210, 'wamid.8cd0b9a798854888b1810ad69cb931bd', 2, 11, 'outgoing', 'text', 'Sistemden giden otomatik yanıt 10', '2026-03-08 06:32:42', '{\"id\": \"wamid.8cd0b9a798854888b1810ad69cb931bd\", \"note\": \"seeded_mock_data\"}'),
(211, 'wamid.cc47674a705c4f9c836649a18b01a6f3', 2, 11, 'incoming', 'text', 'Müşteriden gelen test mesajı 11', '2026-03-08 06:45:42', '{\"id\": \"wamid.cc47674a705c4f9c836649a18b01a6f3\", \"note\": \"seeded_mock_data\"}'),
(212, 'wamid.c9fb2fde512847bcb2d4c1c522213ea6', 2, 11, 'outgoing', 'text', 'Sistemden giden otomatik yanıt 12', '2026-03-08 06:56:42', '{\"id\": \"wamid.c9fb2fde512847bcb2d4c1c522213ea6\", \"note\": \"seeded_mock_data\"}'),
(213, 'wamid.c986ddb42e88429c8461903119062bda', 2, 11, 'incoming', 'text', 'Müşteriden gelen test mesajı 13', '2026-03-08 07:23:42', '{\"id\": \"wamid.c986ddb42e88429c8461903119062bda\", \"note\": \"seeded_mock_data\"}'),
(214, 'wamid.9ab8e9e1225e4f569586a3dfee83f63b', 2, 11, 'outgoing', 'text', 'Sistemden giden otomatik yanıt 14', '2026-03-08 07:58:42', '{\"id\": \"wamid.9ab8e9e1225e4f569586a3dfee83f63b\", \"note\": \"seeded_mock_data\"}'),
(215, 'wamid.9600368fe8ec4facbedf1319191178b2', 2, 11, 'incoming', 'text', 'Müşteriden gelen test mesajı 15', '2026-03-08 08:08:42', '{\"id\": \"wamid.9600368fe8ec4facbedf1319191178b2\", \"note\": \"seeded_mock_data\"}'),
(216, 'wamid.b64c96771c3a414e920528d6ac051f68', 2, 11, 'outgoing', 'text', 'Sistemden giden otomatik yanıt 16', '2026-03-08 08:28:42', '{\"id\": \"wamid.b64c96771c3a414e920528d6ac051f68\", \"note\": \"seeded_mock_data\"}'),
(217, 'wamid.d337ca8bf3314d41889b273cc177ff9b', 2, 11, 'incoming', 'text', 'Müşteriden gelen test mesajı 17', '2026-03-08 08:33:42', '{\"id\": \"wamid.d337ca8bf3314d41889b273cc177ff9b\", \"note\": \"seeded_mock_data\"}'),
(218, 'wamid.701e1b4921dc40109e2d25b4943e1847', 2, 11, 'outgoing', 'text', 'Sistemden giden otomatik yanıt 18', '2026-03-08 08:38:42', '{\"id\": \"wamid.701e1b4921dc40109e2d25b4943e1847\", \"note\": \"seeded_mock_data\"}'),
(219, 'wamid.481594d9d8074f59a6803131d98692ad', 2, 11, 'incoming', 'text', 'Müşteriden gelen test mesajı 19', '2026-03-08 09:16:42', '{\"id\": \"wamid.481594d9d8074f59a6803131d98692ad\", \"note\": \"seeded_mock_data\"}');
INSERT INTO `messages` (`id`, `message_id`, `user_id`, `contact_id`, `direction`, `type`, `content`, `timestamp`, `raw_data`) VALUES
(220, 'wamid.1668e802857d4142b31cec64911cfa1d', 2, 11, 'outgoing', 'text', 'Sistemden giden otomatik yanıt 20', '2026-03-08 09:59:42', '{\"id\": \"wamid.1668e802857d4142b31cec64911cfa1d\", \"note\": \"seeded_mock_data\"}'),
(221, 'wamid.55ee08e06e9b4548a3dd434031027dd6', 2, 12, 'incoming', 'text', 'Merhaba, sipariş vermek istiyorum.', '2026-03-08 01:13:42', '{\"id\": \"wamid.55ee08e06e9b4548a3dd434031027dd6\", \"note\": \"seeded_mock_data\"}'),
(222, 'wamid.ca0bb14c25344b138d41174ae2425c29', 2, 12, 'outgoing', 'button', 'Siparişinizi onaylıyor musunuz? (Onayla / Reddet)', '2026-03-08 01:31:42', '{\"id\": \"wamid.ca0bb14c25344b138d41174ae2425c29\", \"note\": \"seeded_mock_data\"}'),
(223, 'wamid.958931e608e241afbf7f6706c3a835da', 2, 12, 'incoming', 'button', 'Onayla', '2026-03-08 01:51:42', '{\"id\": \"wamid.958931e608e241afbf7f6706c3a835da\", \"note\": \"seeded_mock_data\"}'),
(224, 'wamid.c529b9eee8824f53bc31f1cc596ab9e4', 2, 12, 'outgoing', 'text', 'Siparişiniz başarıyla onaylanmıştır! ✅ Siparişiniz kargoya verildiğinde size bilgilendirme mesajı ileteceğiz.', '2026-03-08 02:44:42', '{\"id\": \"wamid.c529b9eee8824f53bc31f1cc596ab9e4\", \"note\": \"seeded_mock_data\"}'),
(225, 'wamid.9a88a5683894407886132bd5b8d21bd2', 2, 12, 'incoming', 'button', 'Reddet', '2026-03-08 03:24:42', '{\"id\": \"wamid.9a88a5683894407886132bd5b8d21bd2\", \"note\": \"seeded_mock_data\"}'),
(226, 'wamid.6c1580066eb3428ba6b288bb7d9b8654', 2, 12, 'outgoing', 'text', 'Siparişiniz reddedilmiş ve iptal edilmiştir. Bizimle iletişime geçtiğiniz için teşekkürler.', '2026-03-08 03:33:42', '{\"id\": \"wamid.6c1580066eb3428ba6b288bb7d9b8654\", \"note\": \"seeded_mock_data\"}'),
(227, 'wamid.81da061a88f04592a633df8e1e198fd0', 2, 12, 'incoming', 'text', 'Adresimi değiştirmek istiyorum.', '2026-03-08 03:55:42', '{\"id\": \"wamid.81da061a88f04592a633df8e1e198fd0\", \"note\": \"seeded_mock_data\"}'),
(228, 'wamid.562a3fb95d964793b817695c2800012f', 2, 12, 'outgoing', 'text', 'Yeni adresinizi lütfen açık bir şekilde yazınız (AI Destekli Yanıt).', '2026-03-08 04:16:42', '{\"id\": \"wamid.562a3fb95d964793b817695c2800012f\", \"note\": \"seeded_mock_data\"}'),
(229, 'wamid.fa6547e3f1d24c80a0f56d567b0830be', 2, 12, 'incoming', 'text', 'Müşteriden gelen test mesajı 9', '2026-03-08 05:06:42', '{\"id\": \"wamid.fa6547e3f1d24c80a0f56d567b0830be\", \"note\": \"seeded_mock_data\"}'),
(230, 'wamid.642dd96d816143358cd9667fbd26d425', 2, 12, 'outgoing', 'text', 'Sistemden giden otomatik yanıt 10', '2026-03-08 05:37:42', '{\"id\": \"wamid.642dd96d816143358cd9667fbd26d425\", \"note\": \"seeded_mock_data\"}'),
(231, 'wamid.016a6a2ebb9e44a1bad6624d1024692d', 2, 12, 'incoming', 'text', 'Müşteriden gelen test mesajı 11', '2026-03-08 06:26:42', '{\"id\": \"wamid.016a6a2ebb9e44a1bad6624d1024692d\", \"note\": \"seeded_mock_data\"}'),
(232, 'wamid.406c20bf6ad04812a85b14152e279b71', 2, 12, 'outgoing', 'text', 'Sistemden giden otomatik yanıt 12', '2026-03-08 06:42:42', '{\"id\": \"wamid.406c20bf6ad04812a85b14152e279b71\", \"note\": \"seeded_mock_data\"}'),
(233, 'wamid.bfa7f9e5a1504381bc621bae90ca15c2', 2, 12, 'incoming', 'text', 'Müşteriden gelen test mesajı 13', '2026-03-08 06:52:42', '{\"id\": \"wamid.bfa7f9e5a1504381bc621bae90ca15c2\", \"note\": \"seeded_mock_data\"}'),
(234, 'wamid.39fe0623a55045f7ad7f2ec188ae0162', 2, 12, 'outgoing', 'text', 'Sistemden giden otomatik yanıt 14', '2026-03-08 07:52:42', '{\"id\": \"wamid.39fe0623a55045f7ad7f2ec188ae0162\", \"note\": \"seeded_mock_data\"}'),
(235, 'wamid.c54ac016c3c543c09a1e895dee2725d6', 2, 12, 'incoming', 'text', 'Müşteriden gelen test mesajı 15', '2026-03-08 08:02:42', '{\"id\": \"wamid.c54ac016c3c543c09a1e895dee2725d6\", \"note\": \"seeded_mock_data\"}'),
(236, 'wamid.a8f06cda836a41c48731ce00ae6bc1ea', 2, 12, 'outgoing', 'text', 'Sistemden giden otomatik yanıt 16', '2026-03-08 08:43:42', '{\"id\": \"wamid.a8f06cda836a41c48731ce00ae6bc1ea\", \"note\": \"seeded_mock_data\"}'),
(237, 'wamid.71a262ee44b34317ab1387291e0e8c08', 2, 12, 'incoming', 'text', 'Müşteriden gelen test mesajı 17', '2026-03-08 09:09:42', '{\"id\": \"wamid.71a262ee44b34317ab1387291e0e8c08\", \"note\": \"seeded_mock_data\"}'),
(238, 'wamid.12b31660852c4a299dc97cf18b3b495a', 2, 12, 'outgoing', 'text', 'Sistemden giden otomatik yanıt 18', '2026-03-08 09:42:42', '{\"id\": \"wamid.12b31660852c4a299dc97cf18b3b495a\", \"note\": \"seeded_mock_data\"}'),
(239, 'wamid.ae5b877c7a474ca7a93b0882dd9c41f6', 2, 12, 'incoming', 'text', 'Müşteriden gelen test mesajı 19', '2026-03-08 10:38:42', '{\"id\": \"wamid.ae5b877c7a474ca7a93b0882dd9c41f6\", \"note\": \"seeded_mock_data\"}'),
(240, 'wamid.d0629958bfe1454d82e02e31d7e59163', 2, 12, 'outgoing', 'text', 'Sistemden giden otomatik yanıt 20', '2026-03-08 11:28:42', '{\"id\": \"wamid.d0629958bfe1454d82e02e31d7e59163\", \"note\": \"seeded_mock_data\"}'),
(241, 'wamid.dd23350856774817a8a676580e257770', 2, 13, 'incoming', 'text', 'Merhaba, sipariş vermek istiyorum.', '2026-03-08 01:20:42', '{\"id\": \"wamid.dd23350856774817a8a676580e257770\", \"note\": \"seeded_mock_data\"}'),
(242, 'wamid.7cb5cc2efe194e14ac9e1efa32bb2a60', 2, 13, 'outgoing', 'button', 'Siparişinizi onaylıyor musunuz? (Onayla / Reddet)', '2026-03-08 02:01:42', '{\"id\": \"wamid.7cb5cc2efe194e14ac9e1efa32bb2a60\", \"note\": \"seeded_mock_data\"}'),
(243, 'wamid.f12264381e6441ba95358d9dd1fa8894', 2, 13, 'incoming', 'button', 'Onayla', '2026-03-08 02:42:42', '{\"id\": \"wamid.f12264381e6441ba95358d9dd1fa8894\", \"note\": \"seeded_mock_data\"}'),
(244, 'wamid.cef741327b88425a9fea6b5115e50bda', 2, 13, 'outgoing', 'text', 'Siparişiniz başarıyla onaylanmıştır! ✅ Siparişiniz kargoya verildiğinde size bilgilendirme mesajı ileteceğiz.', '2026-03-08 03:16:42', '{\"id\": \"wamid.cef741327b88425a9fea6b5115e50bda\", \"note\": \"seeded_mock_data\"}'),
(245, 'wamid.708c1c19b9a14df0b48d9585b76dcb21', 2, 13, 'incoming', 'button', 'Reddet', '2026-03-08 03:48:42', '{\"id\": \"wamid.708c1c19b9a14df0b48d9585b76dcb21\", \"note\": \"seeded_mock_data\"}'),
(246, 'wamid.7ed79c8ac76c475f93922af741d76724', 2, 13, 'outgoing', 'text', 'Siparişiniz reddedilmiş ve iptal edilmiştir. Bizimle iletişime geçtiğiniz için teşekkürler.', '2026-03-08 04:13:42', '{\"id\": \"wamid.7ed79c8ac76c475f93922af741d76724\", \"note\": \"seeded_mock_data\"}'),
(247, 'wamid.9240640b07684e4a80333bb6c3905f06', 2, 13, 'incoming', 'text', 'Adresimi değiştirmek istiyorum.', '2026-03-08 04:25:42', '{\"id\": \"wamid.9240640b07684e4a80333bb6c3905f06\", \"note\": \"seeded_mock_data\"}'),
(248, 'wamid.d4f1bb4f5f19452cb084b458b6862dce', 2, 13, 'outgoing', 'text', 'Yeni adresinizi lütfen açık bir şekilde yazınız (AI Destekli Yanıt).', '2026-03-08 04:31:42', '{\"id\": \"wamid.d4f1bb4f5f19452cb084b458b6862dce\", \"note\": \"seeded_mock_data\"}'),
(249, 'wamid.732ec726c4f9476b92902425e12dc1eb', 2, 13, 'incoming', 'text', 'Müşteriden gelen test mesajı 9', '2026-03-08 05:23:42', '{\"id\": \"wamid.732ec726c4f9476b92902425e12dc1eb\", \"note\": \"seeded_mock_data\"}'),
(250, 'wamid.4eedfe66683541d8aee09e7c3053c748', 2, 13, 'outgoing', 'text', 'Sistemden giden otomatik yanıt 10', '2026-03-08 06:01:42', '{\"id\": \"wamid.4eedfe66683541d8aee09e7c3053c748\", \"note\": \"seeded_mock_data\"}'),
(251, 'wamid.02d2bbdb5f474a0cac8c40b3a3a93286', 2, 13, 'incoming', 'text', 'Müşteriden gelen test mesajı 11', '2026-03-08 06:43:42', '{\"id\": \"wamid.02d2bbdb5f474a0cac8c40b3a3a93286\", \"note\": \"seeded_mock_data\"}'),
(252, 'wamid.37cd1e0c1adb4e889347988decb77fa9', 2, 13, 'outgoing', 'text', 'Sistemden giden otomatik yanıt 12', '2026-03-08 07:25:42', '{\"id\": \"wamid.37cd1e0c1adb4e889347988decb77fa9\", \"note\": \"seeded_mock_data\"}'),
(253, 'wamid.a53518bb9cf54fd8b393fd271e3714be', 2, 13, 'incoming', 'text', 'Müşteriden gelen test mesajı 13', '2026-03-08 07:33:42', '{\"id\": \"wamid.a53518bb9cf54fd8b393fd271e3714be\", \"note\": \"seeded_mock_data\"}'),
(254, 'wamid.d2b3272da2234ba789a8e75e4038875b', 2, 13, 'outgoing', 'text', 'Sistemden giden otomatik yanıt 14', '2026-03-08 08:17:42', '{\"id\": \"wamid.d2b3272da2234ba789a8e75e4038875b\", \"note\": \"seeded_mock_data\"}'),
(255, 'wamid.ce96a2c058d8405fadd782ac906ae28e', 2, 13, 'incoming', 'text', 'Müşteriden gelen test mesajı 15', '2026-03-08 08:40:42', '{\"id\": \"wamid.ce96a2c058d8405fadd782ac906ae28e\", \"note\": \"seeded_mock_data\"}'),
(256, 'wamid.955511965a614c728eae0a074da9c949', 2, 13, 'outgoing', 'text', 'Sistemden giden otomatik yanıt 16', '2026-03-08 09:39:42', '{\"id\": \"wamid.955511965a614c728eae0a074da9c949\", \"note\": \"seeded_mock_data\"}'),
(257, 'wamid.eeec943186c74af59720bf3ea556832c', 2, 13, 'incoming', 'text', 'Müşteriden gelen test mesajı 17', '2026-03-08 10:05:42', '{\"id\": \"wamid.eeec943186c74af59720bf3ea556832c\", \"note\": \"seeded_mock_data\"}'),
(258, 'wamid.3a1c9c24682b46589b7e78c39fd944e5', 2, 13, 'outgoing', 'text', 'Sistemden giden otomatik yanıt 18', '2026-03-08 10:59:42', '{\"id\": \"wamid.3a1c9c24682b46589b7e78c39fd944e5\", \"note\": \"seeded_mock_data\"}'),
(259, 'wamid.4291b484c88045f082b1a0f0dc54717d', 2, 13, 'incoming', 'text', 'Müşteriden gelen test mesajı 19', '2026-03-08 11:31:42', '{\"id\": \"wamid.4291b484c88045f082b1a0f0dc54717d\", \"note\": \"seeded_mock_data\"}'),
(260, 'wamid.321d36afd98f4927a5a05e9b0fc5c3ff', 2, 13, 'outgoing', 'text', 'Sistemden giden otomatik yanıt 20', '2026-03-08 12:21:42', '{\"id\": \"wamid.321d36afd98f4927a5a05e9b0fc5c3ff\", \"note\": \"seeded_mock_data\"}'),
(261, 'wamid.59926d0b37f34d63a800c841526b6739', 2, 14, 'incoming', 'text', 'Merhaba, sipariş vermek istiyorum.', '2026-03-08 02:00:42', '{\"id\": \"wamid.59926d0b37f34d63a800c841526b6739\", \"note\": \"seeded_mock_data\"}'),
(262, 'wamid.083398c7c06949d692703b2b60232d2d', 2, 14, 'outgoing', 'button', 'Siparişinizi onaylıyor musunuz? (Onayla / Reddet)', '2026-03-08 02:37:42', '{\"id\": \"wamid.083398c7c06949d692703b2b60232d2d\", \"note\": \"seeded_mock_data\"}'),
(263, 'wamid.cc759d44fa94434c988876ab3671f504', 2, 14, 'incoming', 'button', 'Onayla', '2026-03-08 03:27:42', '{\"id\": \"wamid.cc759d44fa94434c988876ab3671f504\", \"note\": \"seeded_mock_data\"}'),
(264, 'wamid.8da9a770a4de4db6a44b111ce18fc835', 2, 14, 'outgoing', 'text', 'Siparişiniz başarıyla onaylanmıştır! ✅ Siparişiniz kargoya verildiğinde size bilgilendirme mesajı ileteceğiz.', '2026-03-08 03:39:42', '{\"id\": \"wamid.8da9a770a4de4db6a44b111ce18fc835\", \"note\": \"seeded_mock_data\"}'),
(265, 'wamid.0a54cdb696e54ebabe8415400e9e80b7', 2, 14, 'incoming', 'button', 'Reddet', '2026-03-08 03:40:42', '{\"id\": \"wamid.0a54cdb696e54ebabe8415400e9e80b7\", \"note\": \"seeded_mock_data\"}'),
(266, 'wamid.15b083086ddc4d36b98e1f5fa6b789b3', 2, 14, 'outgoing', 'text', 'Siparişiniz reddedilmiş ve iptal edilmiştir. Bizimle iletişime geçtiğiniz için teşekkürler.', '2026-03-08 04:31:42', '{\"id\": \"wamid.15b083086ddc4d36b98e1f5fa6b789b3\", \"note\": \"seeded_mock_data\"}'),
(267, 'wamid.d97490a958484b9ca80fc44cb04ef792', 2, 14, 'incoming', 'text', 'Adresimi değiştirmek istiyorum.', '2026-03-08 04:45:42', '{\"id\": \"wamid.d97490a958484b9ca80fc44cb04ef792\", \"note\": \"seeded_mock_data\"}'),
(268, 'wamid.9ab5ddfe05a645f889745636095669aa', 2, 14, 'outgoing', 'text', 'Yeni adresinizi lütfen açık bir şekilde yazınız (AI Destekli Yanıt).', '2026-03-08 04:49:42', '{\"id\": \"wamid.9ab5ddfe05a645f889745636095669aa\", \"note\": \"seeded_mock_data\"}'),
(269, 'wamid.cfe246ee1aec4d09920083b75c701f71', 2, 14, 'incoming', 'text', 'Müşteriden gelen test mesajı 9', '2026-03-08 05:40:42', '{\"id\": \"wamid.cfe246ee1aec4d09920083b75c701f71\", \"note\": \"seeded_mock_data\"}'),
(270, 'wamid.3719c65531ec48a4a8a6e715d033bae4', 2, 14, 'outgoing', 'text', 'Sistemden giden otomatik yanıt 10', '2026-03-08 06:00:42', '{\"id\": \"wamid.3719c65531ec48a4a8a6e715d033bae4\", \"note\": \"seeded_mock_data\"}'),
(271, 'wamid.9ddf422635a54f0dbc0572dcd7928c0e', 2, 14, 'incoming', 'text', 'Müşteriden gelen test mesajı 11', '2026-03-08 06:35:42', '{\"id\": \"wamid.9ddf422635a54f0dbc0572dcd7928c0e\", \"note\": \"seeded_mock_data\"}'),
(272, 'wamid.a3c24934607249da8b30340f4f5398d0', 2, 14, 'outgoing', 'text', 'Sistemden giden otomatik yanıt 12', '2026-03-08 07:20:42', '{\"id\": \"wamid.a3c24934607249da8b30340f4f5398d0\", \"note\": \"seeded_mock_data\"}'),
(273, 'wamid.58c6cce7943f41deb0374e35a6a9001c', 2, 14, 'incoming', 'text', 'Müşteriden gelen test mesajı 13', '2026-03-08 07:30:42', '{\"id\": \"wamid.58c6cce7943f41deb0374e35a6a9001c\", \"note\": \"seeded_mock_data\"}'),
(274, 'wamid.86f6c0ed46aa4c47ad58e162424957c5', 2, 14, 'outgoing', 'text', 'Sistemden giden otomatik yanıt 14', '2026-03-08 08:00:42', '{\"id\": \"wamid.86f6c0ed46aa4c47ad58e162424957c5\", \"note\": \"seeded_mock_data\"}'),
(275, 'wamid.c8572179e8944e33adf43e847f1c4cbe', 2, 14, 'incoming', 'text', 'Müşteriden gelen test mesajı 15', '2026-03-08 08:08:42', '{\"id\": \"wamid.c8572179e8944e33adf43e847f1c4cbe\", \"note\": \"seeded_mock_data\"}'),
(276, 'wamid.19eee290b53145cc99bdee15798d5f2e', 2, 14, 'outgoing', 'text', 'Sistemden giden otomatik yanıt 16', '2026-03-08 08:35:42', '{\"id\": \"wamid.19eee290b53145cc99bdee15798d5f2e\", \"note\": \"seeded_mock_data\"}'),
(277, 'wamid.f32960378d5f4220b7f82f9fd92d5e7b', 2, 14, 'incoming', 'text', 'Müşteriden gelen test mesajı 17', '2026-03-08 08:37:42', '{\"id\": \"wamid.f32960378d5f4220b7f82f9fd92d5e7b\", \"note\": \"seeded_mock_data\"}'),
(278, 'wamid.61c954d8b296446883f985b4bfec8796', 2, 14, 'outgoing', 'text', 'Sistemden giden otomatik yanıt 18', '2026-03-08 09:15:42', '{\"id\": \"wamid.61c954d8b296446883f985b4bfec8796\", \"note\": \"seeded_mock_data\"}'),
(279, 'wamid.cb3ca89026ba4d2683c199faaa7d16a2', 2, 14, 'incoming', 'text', 'Müşteriden gelen test mesajı 19', '2026-03-08 10:14:42', '{\"id\": \"wamid.cb3ca89026ba4d2683c199faaa7d16a2\", \"note\": \"seeded_mock_data\"}'),
(280, 'wamid.48fa511623474223a9f72a2a04320642', 2, 14, 'outgoing', 'text', 'Sistemden giden otomatik yanıt 20', '2026-03-08 10:20:42', '{\"id\": \"wamid.48fa511623474223a9f72a2a04320642\", \"note\": \"seeded_mock_data\"}'),
(281, 'wamid.f7b6fc94bfc34372af14428042a987b4', 2, 15, 'incoming', 'text', 'Merhaba, sipariş vermek istiyorum.', '2026-03-08 01:27:42', '{\"id\": \"wamid.f7b6fc94bfc34372af14428042a987b4\", \"note\": \"seeded_mock_data\"}'),
(282, 'wamid.53b9e2a32edb4dd1af34768fc8807c2b', 2, 15, 'outgoing', 'button', 'Siparişinizi onaylıyor musunuz? (Onayla / Reddet)', '2026-03-08 02:12:42', '{\"id\": \"wamid.53b9e2a32edb4dd1af34768fc8807c2b\", \"note\": \"seeded_mock_data\"}'),
(283, 'wamid.8f6416646e1d4565bcd9625fdea68dd5', 2, 15, 'incoming', 'button', 'Onayla', '2026-03-08 02:52:42', '{\"id\": \"wamid.8f6416646e1d4565bcd9625fdea68dd5\", \"note\": \"seeded_mock_data\"}'),
(284, 'wamid.f68741fdc77d4ffe9e335b109e0d472c', 2, 15, 'outgoing', 'text', 'Siparişiniz başarıyla onaylanmıştır! ✅ Siparişiniz kargoya verildiğinde size bilgilendirme mesajı ileteceğiz.', '2026-03-08 03:00:42', '{\"id\": \"wamid.f68741fdc77d4ffe9e335b109e0d472c\", \"note\": \"seeded_mock_data\"}'),
(285, 'wamid.f8e9315b32594905a31990078414b737', 2, 15, 'incoming', 'button', 'Reddet', '2026-03-08 03:10:42', '{\"id\": \"wamid.f8e9315b32594905a31990078414b737\", \"note\": \"seeded_mock_data\"}'),
(286, 'wamid.dad6c144d8634d25981511751777d70f', 2, 15, 'outgoing', 'text', 'Siparişiniz reddedilmiş ve iptal edilmiştir. Bizimle iletişime geçtiğiniz için teşekkürler.', '2026-03-08 03:20:42', '{\"id\": \"wamid.dad6c144d8634d25981511751777d70f\", \"note\": \"seeded_mock_data\"}'),
(287, 'wamid.8f5046c1004845f3a5a3e583f79efe3e', 2, 15, 'incoming', 'text', 'Adresimi değiştirmek istiyorum.', '2026-03-08 03:55:42', '{\"id\": \"wamid.8f5046c1004845f3a5a3e583f79efe3e\", \"note\": \"seeded_mock_data\"}'),
(288, 'wamid.8d5cab4733e64da9baae5554c7ca7ac1', 2, 15, 'outgoing', 'text', 'Yeni adresinizi lütfen açık bir şekilde yazınız (AI Destekli Yanıt).', '2026-03-08 04:35:42', '{\"id\": \"wamid.8d5cab4733e64da9baae5554c7ca7ac1\", \"note\": \"seeded_mock_data\"}'),
(289, 'wamid.ce0c9ea4d78345e287c4fab4090575f7', 2, 15, 'incoming', 'text', 'Müşteriden gelen test mesajı 9', '2026-03-08 04:55:42', '{\"id\": \"wamid.ce0c9ea4d78345e287c4fab4090575f7\", \"note\": \"seeded_mock_data\"}'),
(290, 'wamid.be3e2d410a7143f3b976c998a1a57024', 2, 15, 'outgoing', 'text', 'Sistemden giden otomatik yanıt 10', '2026-03-08 05:15:42', '{\"id\": \"wamid.be3e2d410a7143f3b976c998a1a57024\", \"note\": \"seeded_mock_data\"}'),
(291, 'wamid.f0cf8df9865546ef932e5d81b5572abd', 2, 15, 'incoming', 'text', 'Müşteriden gelen test mesajı 11', '2026-03-08 05:44:42', '{\"id\": \"wamid.f0cf8df9865546ef932e5d81b5572abd\", \"note\": \"seeded_mock_data\"}'),
(292, 'wamid.4bfe5f329a8840168f0088c98b06e78a', 2, 15, 'outgoing', 'text', 'Sistemden giden otomatik yanıt 12', '2026-03-08 06:21:42', '{\"id\": \"wamid.4bfe5f329a8840168f0088c98b06e78a\", \"note\": \"seeded_mock_data\"}'),
(293, 'wamid.75dcb2d2b983484891e3bf65d8dc46bc', 2, 15, 'incoming', 'text', 'Müşteriden gelen test mesajı 13', '2026-03-08 07:04:42', '{\"id\": \"wamid.75dcb2d2b983484891e3bf65d8dc46bc\", \"note\": \"seeded_mock_data\"}'),
(294, 'wamid.3494de2008c44c6c8dc33ef0735562ad', 2, 15, 'outgoing', 'text', 'Sistemden giden otomatik yanıt 14', '2026-03-08 07:31:42', '{\"id\": \"wamid.3494de2008c44c6c8dc33ef0735562ad\", \"note\": \"seeded_mock_data\"}'),
(295, 'wamid.46c24b45d57348eea9845043659f69e8', 2, 15, 'incoming', 'text', 'Müşteriden gelen test mesajı 15', '2026-03-08 08:13:42', '{\"id\": \"wamid.46c24b45d57348eea9845043659f69e8\", \"note\": \"seeded_mock_data\"}'),
(296, 'wamid.6e572ccafe8249968e37f4917433eade', 2, 15, 'outgoing', 'text', 'Sistemden giden otomatik yanıt 16', '2026-03-08 08:49:42', '{\"id\": \"wamid.6e572ccafe8249968e37f4917433eade\", \"note\": \"seeded_mock_data\"}'),
(297, 'wamid.dee6622a3cb843c2927bb4842f04e50c', 2, 15, 'incoming', 'text', 'Müşteriden gelen test mesajı 17', '2026-03-08 09:37:42', '{\"id\": \"wamid.dee6622a3cb843c2927bb4842f04e50c\", \"note\": \"seeded_mock_data\"}'),
(298, 'wamid.1691d22db0bb4969928343747c2b0914', 2, 15, 'outgoing', 'text', 'Sistemden giden otomatik yanıt 18', '2026-03-08 10:00:42', '{\"id\": \"wamid.1691d22db0bb4969928343747c2b0914\", \"note\": \"seeded_mock_data\"}'),
(299, 'wamid.c0e3b2651c3e4d3e90127a712e392c94', 2, 15, 'incoming', 'text', 'Müşteriden gelen test mesajı 19', '2026-03-08 10:19:42', '{\"id\": \"wamid.c0e3b2651c3e4d3e90127a712e392c94\", \"note\": \"seeded_mock_data\"}'),
(300, 'wamid.5ca6650923b94aa19cd557b332eabec5', 2, 15, 'outgoing', 'text', 'Sistemden giden otomatik yanıt 20', '2026-03-08 10:28:42', '{\"id\": \"wamid.5ca6650923b94aa19cd557b332eabec5\", \"note\": \"seeded_mock_data\"}'),
(301, 'wamid.ce60614735994468946949d2b54e9c85', 2, 16, 'incoming', 'text', 'Merhaba, sipariş vermek istiyorum.', '2026-03-08 02:02:42', '{\"id\": \"wamid.ce60614735994468946949d2b54e9c85\", \"note\": \"seeded_mock_data\"}'),
(302, 'wamid.a8ebf8ad99734b04a60da5b862a93aef', 2, 16, 'outgoing', 'button', 'Siparişinizi onaylıyor musunuz? (Onayla / Reddet)', '2026-03-08 02:43:42', '{\"id\": \"wamid.a8ebf8ad99734b04a60da5b862a93aef\", \"note\": \"seeded_mock_data\"}'),
(303, 'wamid.c2167119df274e7ab11d10cba922e1c2', 2, 16, 'incoming', 'button', 'Onayla', '2026-03-08 03:28:42', '{\"id\": \"wamid.c2167119df274e7ab11d10cba922e1c2\", \"note\": \"seeded_mock_data\"}'),
(304, 'wamid.92bfde1408e4422799473c6cb863acac', 2, 16, 'outgoing', 'text', 'Siparişiniz başarıyla onaylanmıştır! ✅ Siparişiniz kargoya verildiğinde size bilgilendirme mesajı ileteceğiz.', '2026-03-08 03:51:42', '{\"id\": \"wamid.92bfde1408e4422799473c6cb863acac\", \"note\": \"seeded_mock_data\"}'),
(305, 'wamid.05e87907f26a49218c799266ce34a905', 2, 16, 'incoming', 'button', 'Reddet', '2026-03-08 04:14:42', '{\"id\": \"wamid.05e87907f26a49218c799266ce34a905\", \"note\": \"seeded_mock_data\"}'),
(306, 'wamid.2963d2f92ca14c9f89c11bc19d203b3c', 2, 16, 'outgoing', 'text', 'Siparişiniz reddedilmiş ve iptal edilmiştir. Bizimle iletişime geçtiğiniz için teşekkürler.', '2026-03-08 05:13:42', '{\"id\": \"wamid.2963d2f92ca14c9f89c11bc19d203b3c\", \"note\": \"seeded_mock_data\"}'),
(307, 'wamid.8a4288af4df942fbbb211cc6e104f668', 2, 16, 'incoming', 'text', 'Adresimi değiştirmek istiyorum.', '2026-03-08 06:04:42', '{\"id\": \"wamid.8a4288af4df942fbbb211cc6e104f668\", \"note\": \"seeded_mock_data\"}'),
(308, 'wamid.8edbaa1b32de455dafd328240a69598c', 2, 16, 'outgoing', 'text', 'Yeni adresinizi lütfen açık bir şekilde yazınız (AI Destekli Yanıt).', '2026-03-08 06:45:42', '{\"id\": \"wamid.8edbaa1b32de455dafd328240a69598c\", \"note\": \"seeded_mock_data\"}'),
(309, 'wamid.b0d122dd6227460a8a898ae19013aece', 2, 16, 'incoming', 'text', 'Müşteriden gelen test mesajı 9', '2026-03-08 07:04:42', '{\"id\": \"wamid.b0d122dd6227460a8a898ae19013aece\", \"note\": \"seeded_mock_data\"}'),
(310, 'wamid.73397a857a4843bcb74334caba937bc6', 2, 16, 'outgoing', 'text', 'Sistemden giden otomatik yanıt 10', '2026-03-08 07:29:42', '{\"id\": \"wamid.73397a857a4843bcb74334caba937bc6\", \"note\": \"seeded_mock_data\"}'),
(311, 'wamid.d49830b8250b4833bb39367791b405e7', 2, 16, 'incoming', 'text', 'Müşteriden gelen test mesajı 11', '2026-03-08 08:00:42', '{\"id\": \"wamid.d49830b8250b4833bb39367791b405e7\", \"note\": \"seeded_mock_data\"}'),
(312, 'wamid.08017062019344d9908a60848f022ec8', 2, 16, 'outgoing', 'text', 'Sistemden giden otomatik yanıt 12', '2026-03-08 08:30:42', '{\"id\": \"wamid.08017062019344d9908a60848f022ec8\", \"note\": \"seeded_mock_data\"}'),
(313, 'wamid.2a13a092459e4454a04e2a48c19acfeb', 2, 16, 'incoming', 'text', 'Müşteriden gelen test mesajı 13', '2026-03-08 08:46:42', '{\"id\": \"wamid.2a13a092459e4454a04e2a48c19acfeb\", \"note\": \"seeded_mock_data\"}'),
(314, 'wamid.a3ee0c22d2bf4fed93aa142d539a4cfe', 2, 16, 'outgoing', 'text', 'Sistemden giden otomatik yanıt 14', '2026-03-08 09:07:42', '{\"id\": \"wamid.a3ee0c22d2bf4fed93aa142d539a4cfe\", \"note\": \"seeded_mock_data\"}'),
(315, 'wamid.f5c5890e53df40b19b50b7ee185bbbc6', 2, 16, 'incoming', 'text', 'Müşteriden gelen test mesajı 15', '2026-03-08 09:33:42', '{\"id\": \"wamid.f5c5890e53df40b19b50b7ee185bbbc6\", \"note\": \"seeded_mock_data\"}'),
(316, 'wamid.87ab6fcd0d0544dc9865316a4626d377', 2, 16, 'outgoing', 'text', 'Sistemden giden otomatik yanıt 16', '2026-03-08 09:48:42', '{\"id\": \"wamid.87ab6fcd0d0544dc9865316a4626d377\", \"note\": \"seeded_mock_data\"}'),
(317, 'wamid.29d3f4ad3eb44b7f8685e564e40ed0e4', 2, 16, 'incoming', 'text', 'Müşteriden gelen test mesajı 17', '2026-03-08 10:46:42', '{\"id\": \"wamid.29d3f4ad3eb44b7f8685e564e40ed0e4\", \"note\": \"seeded_mock_data\"}'),
(318, 'wamid.9b6cbd4da20040b3a2879aaa9b68d680', 2, 16, 'outgoing', 'text', 'Sistemden giden otomatik yanıt 18', '2026-03-08 11:46:42', '{\"id\": \"wamid.9b6cbd4da20040b3a2879aaa9b68d680\", \"note\": \"seeded_mock_data\"}'),
(319, 'wamid.81b9faaac0c343c487a82ac8855558ed', 2, 16, 'incoming', 'text', 'Müşteriden gelen test mesajı 19', '2026-03-08 12:39:42', '{\"id\": \"wamid.81b9faaac0c343c487a82ac8855558ed\", \"note\": \"seeded_mock_data\"}'),
(320, 'wamid.5451787a14114c06a25425d6cbc16d62', 2, 16, 'outgoing', 'text', 'Sistemden giden otomatik yanıt 20', '2026-03-08 13:03:42', '{\"id\": \"wamid.5451787a14114c06a25425d6cbc16d62\", \"note\": \"seeded_mock_data\"}'),
(321, 'wamid.353466af6a44424dbfa16e5b0c84d0ab', 2, 17, 'incoming', 'text', 'Merhaba, sipariş vermek istiyorum.', '2026-03-08 01:47:42', '{\"id\": \"wamid.353466af6a44424dbfa16e5b0c84d0ab\", \"note\": \"seeded_mock_data\"}'),
(322, 'wamid.df5ac7da2be64ea5acb033168c118d77', 2, 17, 'outgoing', 'button', 'Siparişinizi onaylıyor musunuz? (Onayla / Reddet)', '2026-03-08 01:52:42', '{\"id\": \"wamid.df5ac7da2be64ea5acb033168c118d77\", \"note\": \"seeded_mock_data\"}'),
(323, 'wamid.b0e02b7eee7e40a5a5df9475fe78ad9f', 2, 17, 'incoming', 'button', 'Onayla', '2026-03-08 02:32:42', '{\"id\": \"wamid.b0e02b7eee7e40a5a5df9475fe78ad9f\", \"note\": \"seeded_mock_data\"}'),
(324, 'wamid.8fa691bf515c4b29a9048a0f451d691f', 2, 17, 'outgoing', 'text', 'Siparişiniz başarıyla onaylanmıştır! ✅ Siparişiniz kargoya verildiğinde size bilgilendirme mesajı ileteceğiz.', '2026-03-08 02:59:42', '{\"id\": \"wamid.8fa691bf515c4b29a9048a0f451d691f\", \"note\": \"seeded_mock_data\"}'),
(325, 'wamid.5e63d530b5224dafa827c6e61acf9c42', 2, 17, 'incoming', 'button', 'Reddet', '2026-03-08 03:48:42', '{\"id\": \"wamid.5e63d530b5224dafa827c6e61acf9c42\", \"note\": \"seeded_mock_data\"}'),
(326, 'wamid.ec1106085cd24dec8ab3480311fc3fa2', 2, 17, 'outgoing', 'text', 'Siparişiniz reddedilmiş ve iptal edilmiştir. Bizimle iletişime geçtiğiniz için teşekkürler.', '2026-03-08 04:28:42', '{\"id\": \"wamid.ec1106085cd24dec8ab3480311fc3fa2\", \"note\": \"seeded_mock_data\"}'),
(327, 'wamid.a327eb282d4943a5b8c665c12e0b4ef5', 2, 17, 'incoming', 'text', 'Adresimi değiştirmek istiyorum.', '2026-03-08 04:50:42', '{\"id\": \"wamid.a327eb282d4943a5b8c665c12e0b4ef5\", \"note\": \"seeded_mock_data\"}'),
(328, 'wamid.91cfa5d2d819488a81c26fb3f12ab917', 2, 17, 'outgoing', 'text', 'Yeni adresinizi lütfen açık bir şekilde yazınız (AI Destekli Yanıt).', '2026-03-08 05:13:42', '{\"id\": \"wamid.91cfa5d2d819488a81c26fb3f12ab917\", \"note\": \"seeded_mock_data\"}'),
(329, 'wamid.05080733e28143e69ff4ad411f22f3f0', 2, 17, 'incoming', 'text', 'Müşteriden gelen test mesajı 9', '2026-03-08 05:18:42', '{\"id\": \"wamid.05080733e28143e69ff4ad411f22f3f0\", \"note\": \"seeded_mock_data\"}'),
(330, 'wamid.f781ab9577854b4c9997ed25c51aa1dc', 2, 17, 'outgoing', 'text', 'Sistemden giden otomatik yanıt 10', '2026-03-08 05:45:42', '{\"id\": \"wamid.f781ab9577854b4c9997ed25c51aa1dc\", \"note\": \"seeded_mock_data\"}'),
(331, 'wamid.c166050fec9047229a317b00012d8a4f', 2, 17, 'incoming', 'text', 'Müşteriden gelen test mesajı 11', '2026-03-08 06:39:42', '{\"id\": \"wamid.c166050fec9047229a317b00012d8a4f\", \"note\": \"seeded_mock_data\"}'),
(332, 'wamid.2a27f6e460e04d81a5e78963d0821077', 2, 17, 'outgoing', 'text', 'Sistemden giden otomatik yanıt 12', '2026-03-08 07:08:42', '{\"id\": \"wamid.2a27f6e460e04d81a5e78963d0821077\", \"note\": \"seeded_mock_data\"}'),
(333, 'wamid.0fba0dcee03642dea0d03b2f02bf3216', 2, 17, 'incoming', 'text', 'Müşteriden gelen test mesajı 13', '2026-03-08 07:36:42', '{\"id\": \"wamid.0fba0dcee03642dea0d03b2f02bf3216\", \"note\": \"seeded_mock_data\"}'),
(334, 'wamid.0308ddce6a424e1987d6f088bba9e8fb', 2, 17, 'outgoing', 'text', 'Sistemden giden otomatik yanıt 14', '2026-03-08 08:32:42', '{\"id\": \"wamid.0308ddce6a424e1987d6f088bba9e8fb\", \"note\": \"seeded_mock_data\"}'),
(335, 'wamid.96d0499d95a84c569835fd2426abaa2f', 2, 17, 'incoming', 'text', 'Müşteriden gelen test mesajı 15', '2026-03-08 09:26:42', '{\"id\": \"wamid.96d0499d95a84c569835fd2426abaa2f\", \"note\": \"seeded_mock_data\"}'),
(336, 'wamid.d10dded0edb54fecb9c16923edf1cc1b', 2, 17, 'outgoing', 'text', 'Sistemden giden otomatik yanıt 16', '2026-03-08 09:45:42', '{\"id\": \"wamid.d10dded0edb54fecb9c16923edf1cc1b\", \"note\": \"seeded_mock_data\"}'),
(337, 'wamid.95fa048b67e740f1b8457b3c0f8a5d95', 2, 17, 'incoming', 'text', 'Müşteriden gelen test mesajı 17', '2026-03-08 10:35:42', '{\"id\": \"wamid.95fa048b67e740f1b8457b3c0f8a5d95\", \"note\": \"seeded_mock_data\"}'),
(338, 'wamid.95ffae4155e74ad5ab068e8e5acfdc27', 2, 17, 'outgoing', 'text', 'Sistemden giden otomatik yanıt 18', '2026-03-08 11:35:42', '{\"id\": \"wamid.95ffae4155e74ad5ab068e8e5acfdc27\", \"note\": \"seeded_mock_data\"}'),
(339, 'wamid.7f4966f88010499d8fe4e40ff4924950', 2, 17, 'incoming', 'text', 'Müşteriden gelen test mesajı 19', '2026-03-08 12:29:42', '{\"id\": \"wamid.7f4966f88010499d8fe4e40ff4924950\", \"note\": \"seeded_mock_data\"}'),
(340, 'wamid.c8975b9aed3e451682e764301723f862', 2, 17, 'outgoing', 'text', 'Sistemden giden otomatik yanıt 20', '2026-03-08 13:13:42', '{\"id\": \"wamid.c8975b9aed3e451682e764301723f862\", \"note\": \"seeded_mock_data\"}'),
(341, 'wamid.5ca46588908846308206df244da8dd86', 2, 18, 'incoming', 'text', 'Merhaba, sipariş vermek istiyorum.', '2026-03-08 01:11:42', '{\"id\": \"wamid.5ca46588908846308206df244da8dd86\", \"note\": \"seeded_mock_data\"}'),
(342, 'wamid.9f7cfa3bb4844b269193043de8209da6', 2, 18, 'outgoing', 'button', 'Siparişinizi onaylıyor musunuz? (Onayla / Reddet)', '2026-03-08 01:39:42', '{\"id\": \"wamid.9f7cfa3bb4844b269193043de8209da6\", \"note\": \"seeded_mock_data\"}'),
(343, 'wamid.20e21b2806f144769e67fce1080cfb22', 2, 18, 'incoming', 'button', 'Onayla', '2026-03-08 01:53:42', '{\"id\": \"wamid.20e21b2806f144769e67fce1080cfb22\", \"note\": \"seeded_mock_data\"}'),
(344, 'wamid.3aa84fbfc8154c62b06ee39955bb278d', 2, 18, 'outgoing', 'text', 'Siparişiniz başarıyla onaylanmıştır! ✅ Siparişiniz kargoya verildiğinde size bilgilendirme mesajı ileteceğiz.', '2026-03-08 02:37:42', '{\"id\": \"wamid.3aa84fbfc8154c62b06ee39955bb278d\", \"note\": \"seeded_mock_data\"}'),
(345, 'wamid.515c1f36c13b488ca6f79b8ba9293d7b', 2, 18, 'incoming', 'button', 'Reddet', '2026-03-08 02:48:42', '{\"id\": \"wamid.515c1f36c13b488ca6f79b8ba9293d7b\", \"note\": \"seeded_mock_data\"}'),
(346, 'wamid.52d9c4192b3d4f55921dc4b6921741f2', 2, 18, 'outgoing', 'text', 'Siparişiniz reddedilmiş ve iptal edilmiştir. Bizimle iletişime geçtiğiniz için teşekkürler.', '2026-03-08 03:09:42', '{\"id\": \"wamid.52d9c4192b3d4f55921dc4b6921741f2\", \"note\": \"seeded_mock_data\"}'),
(347, 'wamid.2e56945918fd4466aaba82458d28e5e1', 2, 18, 'incoming', 'text', 'Adresimi değiştirmek istiyorum.', '2026-03-08 03:32:42', '{\"id\": \"wamid.2e56945918fd4466aaba82458d28e5e1\", \"note\": \"seeded_mock_data\"}'),
(348, 'wamid.1429a5cfa05440f4aa366b9a58e93a51', 2, 18, 'outgoing', 'text', 'Yeni adresinizi lütfen açık bir şekilde yazınız (AI Destekli Yanıt).', '2026-03-08 04:11:42', '{\"id\": \"wamid.1429a5cfa05440f4aa366b9a58e93a51\", \"note\": \"seeded_mock_data\"}'),
(349, 'wamid.922cfee0197f42a9b0ea9210aa067bd6', 2, 18, 'incoming', 'text', 'Müşteriden gelen test mesajı 9', '2026-03-08 04:49:42', '{\"id\": \"wamid.922cfee0197f42a9b0ea9210aa067bd6\", \"note\": \"seeded_mock_data\"}'),
(350, 'wamid.3502217cb22548d0ab48b244cb09726a', 2, 18, 'outgoing', 'text', 'Sistemden giden otomatik yanıt 10', '2026-03-08 04:53:42', '{\"id\": \"wamid.3502217cb22548d0ab48b244cb09726a\", \"note\": \"seeded_mock_data\"}'),
(351, 'wamid.22dba4dce4c94e5e827645b9c1d3ae96', 2, 18, 'incoming', 'text', 'Müşteriden gelen test mesajı 11', '2026-03-08 05:28:42', '{\"id\": \"wamid.22dba4dce4c94e5e827645b9c1d3ae96\", \"note\": \"seeded_mock_data\"}'),
(352, 'wamid.329e6e9668314bb4a2b4e967cc464307', 2, 18, 'outgoing', 'text', 'Sistemden giden otomatik yanıt 12', '2026-03-08 05:42:42', '{\"id\": \"wamid.329e6e9668314bb4a2b4e967cc464307\", \"note\": \"seeded_mock_data\"}'),
(353, 'wamid.64e4d0dd647c47bfad07f689b19e4bdf', 2, 18, 'incoming', 'text', 'Müşteriden gelen test mesajı 13', '2026-03-08 05:48:42', '{\"id\": \"wamid.64e4d0dd647c47bfad07f689b19e4bdf\", \"note\": \"seeded_mock_data\"}'),
(354, 'wamid.da356b62cc2b4f148ff82194a53d95ca', 2, 18, 'outgoing', 'text', 'Sistemden giden otomatik yanıt 14', '2026-03-08 06:14:42', '{\"id\": \"wamid.da356b62cc2b4f148ff82194a53d95ca\", \"note\": \"seeded_mock_data\"}'),
(355, 'wamid.f2ef848bbde640ff8b64804540c32e63', 2, 18, 'incoming', 'text', 'Müşteriden gelen test mesajı 15', '2026-03-08 06:46:42', '{\"id\": \"wamid.f2ef848bbde640ff8b64804540c32e63\", \"note\": \"seeded_mock_data\"}'),
(356, 'wamid.c46e808381874d1dbf021961ff8d93a3', 2, 18, 'outgoing', 'text', 'Sistemden giden otomatik yanıt 16', '2026-03-08 06:51:42', '{\"id\": \"wamid.c46e808381874d1dbf021961ff8d93a3\", \"note\": \"seeded_mock_data\"}'),
(357, 'wamid.f8bc8107ea98431da9f19a5ce7eae5ba', 2, 18, 'incoming', 'text', 'Müşteriden gelen test mesajı 17', '2026-03-08 06:53:42', '{\"id\": \"wamid.f8bc8107ea98431da9f19a5ce7eae5ba\", \"note\": \"seeded_mock_data\"}'),
(358, 'wamid.8946aabc21db4071a59c7c480f9e7421', 2, 18, 'outgoing', 'text', 'Sistemden giden otomatik yanıt 18', '2026-03-08 07:47:42', '{\"id\": \"wamid.8946aabc21db4071a59c7c480f9e7421\", \"note\": \"seeded_mock_data\"}'),
(359, 'wamid.03c51c7b24154b3e99f2ce8c942cd7cb', 2, 18, 'incoming', 'text', 'Müşteriden gelen test mesajı 19', '2026-03-08 08:27:42', '{\"id\": \"wamid.03c51c7b24154b3e99f2ce8c942cd7cb\", \"note\": \"seeded_mock_data\"}'),
(360, 'wamid.b7ef82ebed14413b87938e6b8e0a321e', 2, 18, 'outgoing', 'text', 'Sistemden giden otomatik yanıt 20', '2026-03-08 08:48:42', '{\"id\": \"wamid.b7ef82ebed14413b87938e6b8e0a321e\", \"note\": \"seeded_mock_data\"}'),
(361, 'wamid.332a41302928475ab8c949953471b80e', 2, 19, 'incoming', 'text', 'Merhaba, sipariş vermek istiyorum.', '2026-03-08 01:31:42', '{\"id\": \"wamid.332a41302928475ab8c949953471b80e\", \"note\": \"seeded_mock_data\"}'),
(362, 'wamid.1a324b961c1048e5906e4a57c98ea8e6', 2, 19, 'outgoing', 'button', 'Siparişinizi onaylıyor musunuz? (Onayla / Reddet)', '2026-03-08 01:57:42', '{\"id\": \"wamid.1a324b961c1048e5906e4a57c98ea8e6\", \"note\": \"seeded_mock_data\"}'),
(363, 'wamid.b999e9ab64c34ce98d401a28dd0e4b1c', 2, 19, 'incoming', 'button', 'Onayla', '2026-03-08 02:14:42', '{\"id\": \"wamid.b999e9ab64c34ce98d401a28dd0e4b1c\", \"note\": \"seeded_mock_data\"}'),
(364, 'wamid.1fea023038c44d91bb0e6dc4a456e71b', 2, 19, 'outgoing', 'text', 'Siparişiniz başarıyla onaylanmıştır! ✅ Siparişiniz kargoya verildiğinde size bilgilendirme mesajı ileteceğiz.', '2026-03-08 02:34:42', '{\"id\": \"wamid.1fea023038c44d91bb0e6dc4a456e71b\", \"note\": \"seeded_mock_data\"}'),
(365, 'wamid.da9819d2b0cd4fd2a37240c12aa44c0d', 2, 19, 'incoming', 'button', 'Reddet', '2026-03-08 03:17:42', '{\"id\": \"wamid.da9819d2b0cd4fd2a37240c12aa44c0d\", \"note\": \"seeded_mock_data\"}'),
(366, 'wamid.28e35fe5a57d401cb083c53d140820a5', 2, 19, 'outgoing', 'text', 'Siparişiniz reddedilmiş ve iptal edilmiştir. Bizimle iletişime geçtiğiniz için teşekkürler.', '2026-03-08 04:09:42', '{\"id\": \"wamid.28e35fe5a57d401cb083c53d140820a5\", \"note\": \"seeded_mock_data\"}'),
(367, 'wamid.5aebce66e02b41aebc552fce5106d6ec', 2, 19, 'incoming', 'text', 'Adresimi değiştirmek istiyorum.', '2026-03-08 04:43:42', '{\"id\": \"wamid.5aebce66e02b41aebc552fce5106d6ec\", \"note\": \"seeded_mock_data\"}'),
(368, 'wamid.c76c4c0a258240c3ad2d8c2745d1b52e', 2, 19, 'outgoing', 'text', 'Yeni adresinizi lütfen açık bir şekilde yazınız (AI Destekli Yanıt).', '2026-03-08 05:04:42', '{\"id\": \"wamid.c76c4c0a258240c3ad2d8c2745d1b52e\", \"note\": \"seeded_mock_data\"}'),
(369, 'wamid.a5246b13c7714bb9a3754a2ae34a2bfa', 2, 19, 'incoming', 'text', 'Müşteriden gelen test mesajı 9', '2026-03-08 05:52:42', '{\"id\": \"wamid.a5246b13c7714bb9a3754a2ae34a2bfa\", \"note\": \"seeded_mock_data\"}'),
(370, 'wamid.7477e628665f44d69f182615be79dec8', 2, 19, 'outgoing', 'text', 'Sistemden giden otomatik yanıt 10', '2026-03-08 06:40:42', '{\"id\": \"wamid.7477e628665f44d69f182615be79dec8\", \"note\": \"seeded_mock_data\"}'),
(371, 'wamid.4be1a4c99b92495a8c8a1858df9f7c6c', 2, 19, 'incoming', 'text', 'Müşteriden gelen test mesajı 11', '2026-03-08 07:14:42', '{\"id\": \"wamid.4be1a4c99b92495a8c8a1858df9f7c6c\", \"note\": \"seeded_mock_data\"}'),
(372, 'wamid.213b76a02a964a52b1d4ff914afd2032', 2, 19, 'outgoing', 'text', 'Sistemden giden otomatik yanıt 12', '2026-03-08 07:34:42', '{\"id\": \"wamid.213b76a02a964a52b1d4ff914afd2032\", \"note\": \"seeded_mock_data\"}'),
(373, 'wamid.df2ec77a07dc4fcaa293aadc4598715b', 2, 19, 'incoming', 'text', 'Müşteriden gelen test mesajı 13', '2026-03-08 07:51:42', '{\"id\": \"wamid.df2ec77a07dc4fcaa293aadc4598715b\", \"note\": \"seeded_mock_data\"}'),
(374, 'wamid.30cca47d9f9948209ce182ab6e0ab3dd', 2, 19, 'outgoing', 'text', 'Sistemden giden otomatik yanıt 14', '2026-03-08 08:29:42', '{\"id\": \"wamid.30cca47d9f9948209ce182ab6e0ab3dd\", \"note\": \"seeded_mock_data\"}'),
(375, 'wamid.3b6343a990aa45428705339a379a4212', 2, 19, 'incoming', 'text', 'Müşteriden gelen test mesajı 15', '2026-03-08 09:27:42', '{\"id\": \"wamid.3b6343a990aa45428705339a379a4212\", \"note\": \"seeded_mock_data\"}'),
(376, 'wamid.ba426e6f8e144e239730e508beed7aa0', 2, 19, 'outgoing', 'text', 'Sistemden giden otomatik yanıt 16', '2026-03-08 10:04:42', '{\"id\": \"wamid.ba426e6f8e144e239730e508beed7aa0\", \"note\": \"seeded_mock_data\"}'),
(377, 'wamid.268c7678d6a54753818d0dcdbd7ae9cb', 2, 19, 'incoming', 'text', 'Müşteriden gelen test mesajı 17', '2026-03-08 10:20:42', '{\"id\": \"wamid.268c7678d6a54753818d0dcdbd7ae9cb\", \"note\": \"seeded_mock_data\"}'),
(378, 'wamid.1831567632934c1d803b086d7b932b11', 2, 19, 'outgoing', 'text', 'Sistemden giden otomatik yanıt 18', '2026-03-08 10:48:42', '{\"id\": \"wamid.1831567632934c1d803b086d7b932b11\", \"note\": \"seeded_mock_data\"}'),
(379, 'wamid.52247445b6f64db5bae98bb0d0833b50', 2, 19, 'incoming', 'text', 'Müşteriden gelen test mesajı 19', '2026-03-08 11:43:42', '{\"id\": \"wamid.52247445b6f64db5bae98bb0d0833b50\", \"note\": \"seeded_mock_data\"}'),
(380, 'wamid.a22e6c61a6804328b1a3e69eb4950c96', 2, 19, 'outgoing', 'text', 'Sistemden giden otomatik yanıt 20', '2026-03-08 12:15:42', '{\"id\": \"wamid.a22e6c61a6804328b1a3e69eb4950c96\", \"note\": \"seeded_mock_data\"}'),
(381, 'wamid.0e2025dae21c4e8685c850512e5ddb14', 2, 20, 'incoming', 'text', 'Merhaba, sipariş vermek istiyorum.', '2026-03-08 01:28:42', '{\"id\": \"wamid.0e2025dae21c4e8685c850512e5ddb14\", \"note\": \"seeded_mock_data\"}'),
(382, 'wamid.280740a8cf15413194efc8ac52a537ce', 2, 20, 'outgoing', 'button', 'Siparişinizi onaylıyor musunuz? (Onayla / Reddet)', '2026-03-08 02:15:42', '{\"id\": \"wamid.280740a8cf15413194efc8ac52a537ce\", \"note\": \"seeded_mock_data\"}'),
(383, 'wamid.1fb216493817410784d32440e54c591d', 2, 20, 'incoming', 'button', 'Onayla', '2026-03-08 03:15:42', '{\"id\": \"wamid.1fb216493817410784d32440e54c591d\", \"note\": \"seeded_mock_data\"}'),
(384, 'wamid.fec8aa27d1c34d429eaffebccb004935', 2, 20, 'outgoing', 'text', 'Siparişiniz başarıyla onaylanmıştır! ✅ Siparişiniz kargoya verildiğinde size bilgilendirme mesajı ileteceğiz.', '2026-03-08 03:45:42', '{\"id\": \"wamid.fec8aa27d1c34d429eaffebccb004935\", \"note\": \"seeded_mock_data\"}'),
(385, 'wamid.0313ba9ca1114352bb1d4c897734484a', 2, 20, 'incoming', 'button', 'Reddet', '2026-03-08 04:00:42', '{\"id\": \"wamid.0313ba9ca1114352bb1d4c897734484a\", \"note\": \"seeded_mock_data\"}'),
(386, 'wamid.bd3af10201f24a55821102c431118c68', 2, 20, 'outgoing', 'text', 'Siparişiniz reddedilmiş ve iptal edilmiştir. Bizimle iletişime geçtiğiniz için teşekkürler.', '2026-03-08 04:41:42', '{\"id\": \"wamid.bd3af10201f24a55821102c431118c68\", \"note\": \"seeded_mock_data\"}'),
(387, 'wamid.aabb8881e4cb400c8d83da5e0beb89ff', 2, 20, 'incoming', 'text', 'Adresimi değiştirmek istiyorum.', '2026-03-08 05:29:42', '{\"id\": \"wamid.aabb8881e4cb400c8d83da5e0beb89ff\", \"note\": \"seeded_mock_data\"}'),
(388, 'wamid.be6bc0a32e50474a883c0c34fbe2701e', 2, 20, 'outgoing', 'text', 'Yeni adresinizi lütfen açık bir şekilde yazınız (AI Destekli Yanıt).', '2026-03-08 06:29:42', '{\"id\": \"wamid.be6bc0a32e50474a883c0c34fbe2701e\", \"note\": \"seeded_mock_data\"}'),
(389, 'wamid.d8b10b041bda4a0a8bbf907ab2865389', 2, 20, 'incoming', 'text', 'Müşteriden gelen test mesajı 9', '2026-03-08 06:42:42', '{\"id\": \"wamid.d8b10b041bda4a0a8bbf907ab2865389\", \"note\": \"seeded_mock_data\"}'),
(390, 'wamid.608360d5493a4837a2e356987cf6dd8e', 2, 20, 'outgoing', 'text', 'Sistemden giden otomatik yanıt 10', '2026-03-08 06:50:42', '{\"id\": \"wamid.608360d5493a4837a2e356987cf6dd8e\", \"note\": \"seeded_mock_data\"}'),
(391, 'wamid.9a9ba33910724fa7ba9ccec4f60afebc', 2, 20, 'incoming', 'text', 'Müşteriden gelen test mesajı 11', '2026-03-08 07:23:42', '{\"id\": \"wamid.9a9ba33910724fa7ba9ccec4f60afebc\", \"note\": \"seeded_mock_data\"}'),
(392, 'wamid.c3982fdefe944d1e9530a9066ed739cf', 2, 20, 'outgoing', 'text', 'Sistemden giden otomatik yanıt 12', '2026-03-08 07:37:42', '{\"id\": \"wamid.c3982fdefe944d1e9530a9066ed739cf\", \"note\": \"seeded_mock_data\"}'),
(393, 'wamid.4cdd47777f144d158af5637115764cce', 2, 20, 'incoming', 'text', 'Müşteriden gelen test mesajı 13', '2026-03-08 07:55:42', '{\"id\": \"wamid.4cdd47777f144d158af5637115764cce\", \"note\": \"seeded_mock_data\"}'),
(394, 'wamid.6717f17069fc4f47a82b2c0bfbd4482f', 2, 20, 'outgoing', 'text', 'Sistemden giden otomatik yanıt 14', '2026-03-08 08:00:42', '{\"id\": \"wamid.6717f17069fc4f47a82b2c0bfbd4482f\", \"note\": \"seeded_mock_data\"}'),
(395, 'wamid.36da7f0c160040b18778a08cdc0b4a81', 2, 20, 'incoming', 'text', 'Müşteriden gelen test mesajı 15', '2026-03-08 08:30:42', '{\"id\": \"wamid.36da7f0c160040b18778a08cdc0b4a81\", \"note\": \"seeded_mock_data\"}'),
(396, 'wamid.2041e4697e8f45a0aa2e3af3dbaea606', 2, 20, 'outgoing', 'text', 'Sistemden giden otomatik yanıt 16', '2026-03-08 09:04:42', '{\"id\": \"wamid.2041e4697e8f45a0aa2e3af3dbaea606\", \"note\": \"seeded_mock_data\"}'),
(397, 'wamid.1952e72666054bf2b1f1296c37199267', 2, 20, 'incoming', 'text', 'Müşteriden gelen test mesajı 17', '2026-03-08 09:17:42', '{\"id\": \"wamid.1952e72666054bf2b1f1296c37199267\", \"note\": \"seeded_mock_data\"}'),
(398, 'wamid.f1586b86e5da4b64ae05d539898b02d6', 2, 20, 'outgoing', 'text', 'Sistemden giden otomatik yanıt 18', '2026-03-08 09:58:42', '{\"id\": \"wamid.f1586b86e5da4b64ae05d539898b02d6\", \"note\": \"seeded_mock_data\"}'),
(399, 'wamid.d76f20fc911741eba18ea05bd59d91b8', 2, 20, 'incoming', 'text', 'Müşteriden gelen test mesajı 19', '2026-03-08 10:00:42', '{\"id\": \"wamid.d76f20fc911741eba18ea05bd59d91b8\", \"note\": \"seeded_mock_data\"}'),
(400, 'wamid.d887e39e575a47e3a8dad9b3dd6d29cd', 2, 20, 'outgoing', 'text', 'Sistemden giden otomatik yanıt 20', '2026-03-08 10:57:42', '{\"id\": \"wamid.d887e39e575a47e3a8dad9b3dd6d29cd\", \"note\": \"seeded_mock_data\"}'),
(401, 'wamid.810bac4b11514e60a49a38b0c8b2d1ea', 3, 21, 'incoming', 'text', 'Merhaba, sipariş vermek istiyorum.', '2026-03-08 01:55:42', '{\"id\": \"wamid.810bac4b11514e60a49a38b0c8b2d1ea\", \"note\": \"seeded_mock_data\"}'),
(402, 'wamid.02a5691307cb407ca89a6b2e688ec766', 3, 21, 'outgoing', 'button', 'Siparişinizi onaylıyor musunuz? (Onayla / Reddet)', '2026-03-08 02:01:42', '{\"id\": \"wamid.02a5691307cb407ca89a6b2e688ec766\", \"note\": \"seeded_mock_data\"}'),
(403, 'wamid.8f0d9c74f9ad4d04b5f4a31d386571c9', 3, 21, 'incoming', 'button', 'Onayla', '2026-03-08 02:44:42', '{\"id\": \"wamid.8f0d9c74f9ad4d04b5f4a31d386571c9\", \"note\": \"seeded_mock_data\"}'),
(404, 'wamid.e44efef25d354c3983e5331ac838fcd7', 3, 21, 'outgoing', 'text', 'Siparişiniz başarıyla onaylanmıştır! ✅ Siparişiniz kargoya verildiğinde size bilgilendirme mesajı ileteceğiz.', '2026-03-08 03:21:42', '{\"id\": \"wamid.e44efef25d354c3983e5331ac838fcd7\", \"note\": \"seeded_mock_data\"}'),
(405, 'wamid.337a55d76fcc4011860d941939568f45', 3, 21, 'incoming', 'button', 'Reddet', '2026-03-08 03:28:42', '{\"id\": \"wamid.337a55d76fcc4011860d941939568f45\", \"note\": \"seeded_mock_data\"}'),
(406, 'wamid.e78cc528b7814b6f9a785f39723c8aab', 3, 21, 'outgoing', 'text', 'Siparişiniz reddedilmiş ve iptal edilmiştir. Bizimle iletişime geçtiğiniz için teşekkürler.', '2026-03-08 03:59:42', '{\"id\": \"wamid.e78cc528b7814b6f9a785f39723c8aab\", \"note\": \"seeded_mock_data\"}'),
(407, 'wamid.c4283247fd734b97b59e6d14208ed376', 3, 21, 'incoming', 'text', 'Adresimi değiştirmek istiyorum.', '2026-03-08 04:00:42', '{\"id\": \"wamid.c4283247fd734b97b59e6d14208ed376\", \"note\": \"seeded_mock_data\"}'),
(408, 'wamid.6fc78f054f544fb494a9d7c6a20acd78', 3, 21, 'outgoing', 'text', 'Yeni adresinizi lütfen açık bir şekilde yazınız (AI Destekli Yanıt).', '2026-03-08 04:34:42', '{\"id\": \"wamid.6fc78f054f544fb494a9d7c6a20acd78\", \"note\": \"seeded_mock_data\"}'),
(409, 'wamid.6eadb7b45a464871aea41f6c3433eb58', 3, 21, 'incoming', 'text', 'Müşteriden gelen test mesajı 9', '2026-03-08 04:51:42', '{\"id\": \"wamid.6eadb7b45a464871aea41f6c3433eb58\", \"note\": \"seeded_mock_data\"}'),
(410, 'wamid.d1047772704440588b12d59cc75daf75', 3, 21, 'outgoing', 'text', 'Sistemden giden otomatik yanıt 10', '2026-03-08 05:00:42', '{\"id\": \"wamid.d1047772704440588b12d59cc75daf75\", \"note\": \"seeded_mock_data\"}'),
(411, 'wamid.69f9be9286454bf99cc7136ff19d9be6', 3, 21, 'incoming', 'text', 'Müşteriden gelen test mesajı 11', '2026-03-08 05:31:42', '{\"id\": \"wamid.69f9be9286454bf99cc7136ff19d9be6\", \"note\": \"seeded_mock_data\"}'),
(412, 'wamid.96abc38107b547558f7ccd174823ba8f', 3, 21, 'outgoing', 'text', 'Sistemden giden otomatik yanıt 12', '2026-03-08 05:34:42', '{\"id\": \"wamid.96abc38107b547558f7ccd174823ba8f\", \"note\": \"seeded_mock_data\"}'),
(413, 'wamid.d503f25b73084040b54c335295b08ede', 3, 21, 'incoming', 'text', 'Müşteriden gelen test mesajı 13', '2026-03-08 06:02:42', '{\"id\": \"wamid.d503f25b73084040b54c335295b08ede\", \"note\": \"seeded_mock_data\"}'),
(414, 'wamid.7166b08660c947a9af24881c4c61f1cd', 3, 21, 'outgoing', 'text', 'Sistemden giden otomatik yanıt 14', '2026-03-08 06:33:42', '{\"id\": \"wamid.7166b08660c947a9af24881c4c61f1cd\", \"note\": \"seeded_mock_data\"}'),
(415, 'wamid.035f2e45c4f5478195d837d5bea016ce', 3, 21, 'incoming', 'text', 'Müşteriden gelen test mesajı 15', '2026-03-08 07:13:42', '{\"id\": \"wamid.035f2e45c4f5478195d837d5bea016ce\", \"note\": \"seeded_mock_data\"}'),
(416, 'wamid.d0c91f5e192e4ca6bff573b1c7fbc25f', 3, 21, 'outgoing', 'text', 'Sistemden giden otomatik yanıt 16', '2026-03-08 07:39:42', '{\"id\": \"wamid.d0c91f5e192e4ca6bff573b1c7fbc25f\", \"note\": \"seeded_mock_data\"}'),
(417, 'wamid.64aeba316b864067b213bdf210f523d7', 3, 21, 'incoming', 'text', 'Müşteriden gelen test mesajı 17', '2026-03-08 07:50:42', '{\"id\": \"wamid.64aeba316b864067b213bdf210f523d7\", \"note\": \"seeded_mock_data\"}'),
(418, 'wamid.a011fc64282746eea302a78f5131b962', 3, 21, 'outgoing', 'text', 'Sistemden giden otomatik yanıt 18', '2026-03-08 08:10:42', '{\"id\": \"wamid.a011fc64282746eea302a78f5131b962\", \"note\": \"seeded_mock_data\"}'),
(419, 'wamid.6cca85e8263348d0b61d236bb4288812', 3, 21, 'incoming', 'text', 'Müşteriden gelen test mesajı 19', '2026-03-08 08:50:42', '{\"id\": \"wamid.6cca85e8263348d0b61d236bb4288812\", \"note\": \"seeded_mock_data\"}'),
(420, 'wamid.ea38d9aa264344dd88259aa227dac370', 3, 21, 'outgoing', 'text', 'Sistemden giden otomatik yanıt 20', '2026-03-08 09:06:42', '{\"id\": \"wamid.ea38d9aa264344dd88259aa227dac370\", \"note\": \"seeded_mock_data\"}'),
(421, 'wamid.1494439f0027413f8f32b54cb9c5a269', 3, 22, 'incoming', 'text', 'Merhaba, sipariş vermek istiyorum.', '2026-03-08 01:41:42', '{\"id\": \"wamid.1494439f0027413f8f32b54cb9c5a269\", \"note\": \"seeded_mock_data\"}'),
(422, 'wamid.54533636b9ba455aaa6e86d5b2cb3814', 3, 22, 'outgoing', 'button', 'Siparişinizi onaylıyor musunuz? (Onayla / Reddet)', '2026-03-08 02:24:42', '{\"id\": \"wamid.54533636b9ba455aaa6e86d5b2cb3814\", \"note\": \"seeded_mock_data\"}'),
(423, 'wamid.357abc4f4f8143f3b200b1ea001d0de4', 3, 22, 'incoming', 'button', 'Onayla', '2026-03-08 02:57:42', '{\"id\": \"wamid.357abc4f4f8143f3b200b1ea001d0de4\", \"note\": \"seeded_mock_data\"}'),
(424, 'wamid.8c640612397c477e9fee2bf800c5a415', 3, 22, 'outgoing', 'text', 'Siparişiniz başarıyla onaylanmıştır! ✅ Siparişiniz kargoya verildiğinde size bilgilendirme mesajı ileteceğiz.', '2026-03-08 03:25:42', '{\"id\": \"wamid.8c640612397c477e9fee2bf800c5a415\", \"note\": \"seeded_mock_data\"}'),
(425, 'wamid.671ab7b8b4794790bc29d17f1e0ec32d', 3, 22, 'incoming', 'button', 'Reddet', '2026-03-08 03:28:42', '{\"id\": \"wamid.671ab7b8b4794790bc29d17f1e0ec32d\", \"note\": \"seeded_mock_data\"}'),
(426, 'wamid.8340d4c95758494abc02e8b9070261da', 3, 22, 'outgoing', 'text', 'Siparişiniz reddedilmiş ve iptal edilmiştir. Bizimle iletişime geçtiğiniz için teşekkürler.', '2026-03-08 04:26:42', '{\"id\": \"wamid.8340d4c95758494abc02e8b9070261da\", \"note\": \"seeded_mock_data\"}'),
(427, 'wamid.d7f1c32c6c5b45fa88077dd7a4ae0c78', 3, 22, 'incoming', 'text', 'Adresimi değiştirmek istiyorum.', '2026-03-08 04:30:42', '{\"id\": \"wamid.d7f1c32c6c5b45fa88077dd7a4ae0c78\", \"note\": \"seeded_mock_data\"}'),
(428, 'wamid.28feda8047ec4422b11db61a803060f7', 3, 22, 'outgoing', 'text', 'Yeni adresinizi lütfen açık bir şekilde yazınız (AI Destekli Yanıt).', '2026-03-08 05:13:42', '{\"id\": \"wamid.28feda8047ec4422b11db61a803060f7\", \"note\": \"seeded_mock_data\"}'),
(429, 'wamid.4e7b6b29de824277bce9c017c90fd332', 3, 22, 'incoming', 'text', 'Müşteriden gelen test mesajı 9', '2026-03-08 05:52:42', '{\"id\": \"wamid.4e7b6b29de824277bce9c017c90fd332\", \"note\": \"seeded_mock_data\"}'),
(430, 'wamid.a5b3589306ee417f858b4d1a58ce04cc', 3, 22, 'outgoing', 'text', 'Sistemden giden otomatik yanıt 10', '2026-03-08 06:39:42', '{\"id\": \"wamid.a5b3589306ee417f858b4d1a58ce04cc\", \"note\": \"seeded_mock_data\"}'),
(431, 'wamid.805c3d9dff10410ca9722f90124fc829', 3, 22, 'incoming', 'text', 'Müşteriden gelen test mesajı 11', '2026-03-08 07:08:42', '{\"id\": \"wamid.805c3d9dff10410ca9722f90124fc829\", \"note\": \"seeded_mock_data\"}'),
(432, 'wamid.1e796ca6fea6423bb5f62e62387d213c', 3, 22, 'outgoing', 'text', 'Sistemden giden otomatik yanıt 12', '2026-03-08 07:37:42', '{\"id\": \"wamid.1e796ca6fea6423bb5f62e62387d213c\", \"note\": \"seeded_mock_data\"}'),
(433, 'wamid.3a1a8d0c8c1d418a80afe66514594b5d', 3, 22, 'incoming', 'text', 'Müşteriden gelen test mesajı 13', '2026-03-08 08:35:42', '{\"id\": \"wamid.3a1a8d0c8c1d418a80afe66514594b5d\", \"note\": \"seeded_mock_data\"}'),
(434, 'wamid.9487f136a34441b2ad21afc9b4cc8b8e', 3, 22, 'outgoing', 'text', 'Sistemden giden otomatik yanıt 14', '2026-03-08 09:30:42', '{\"id\": \"wamid.9487f136a34441b2ad21afc9b4cc8b8e\", \"note\": \"seeded_mock_data\"}'),
(435, 'wamid.bb5aba9147ca4fb7998998b60672b035', 3, 22, 'incoming', 'text', 'Müşteriden gelen test mesajı 15', '2026-03-08 09:36:42', '{\"id\": \"wamid.bb5aba9147ca4fb7998998b60672b035\", \"note\": \"seeded_mock_data\"}'),
(436, 'wamid.bbae4b1aaf10480899fe656e6ebc2dc3', 3, 22, 'outgoing', 'text', 'Sistemden giden otomatik yanıt 16', '2026-03-08 10:00:42', '{\"id\": \"wamid.bbae4b1aaf10480899fe656e6ebc2dc3\", \"note\": \"seeded_mock_data\"}'),
(437, 'wamid.335e800d18a74715aedc081204fff192', 3, 22, 'incoming', 'text', 'Müşteriden gelen test mesajı 17', '2026-03-08 10:01:42', '{\"id\": \"wamid.335e800d18a74715aedc081204fff192\", \"note\": \"seeded_mock_data\"}');
INSERT INTO `messages` (`id`, `message_id`, `user_id`, `contact_id`, `direction`, `type`, `content`, `timestamp`, `raw_data`) VALUES
(438, 'wamid.b6f87da8fdab45d1b2c8d4c9e18e1302', 3, 22, 'outgoing', 'text', 'Sistemden giden otomatik yanıt 18', '2026-03-08 10:34:42', '{\"id\": \"wamid.b6f87da8fdab45d1b2c8d4c9e18e1302\", \"note\": \"seeded_mock_data\"}'),
(439, 'wamid.0e7e83c565f24d34ae60c641fb84ce94', 3, 22, 'incoming', 'text', 'Müşteriden gelen test mesajı 19', '2026-03-08 10:43:42', '{\"id\": \"wamid.0e7e83c565f24d34ae60c641fb84ce94\", \"note\": \"seeded_mock_data\"}'),
(440, 'wamid.f53520088f3b48fa9e1950f5bd5895b4', 3, 22, 'outgoing', 'text', 'Sistemden giden otomatik yanıt 20', '2026-03-08 11:06:42', '{\"id\": \"wamid.f53520088f3b48fa9e1950f5bd5895b4\", \"note\": \"seeded_mock_data\"}'),
(441, 'wamid.c5d7bb36da4d459086efc6e82fd6629b', 3, 23, 'incoming', 'text', 'Merhaba, sipariş vermek istiyorum.', '2026-03-08 01:26:42', '{\"id\": \"wamid.c5d7bb36da4d459086efc6e82fd6629b\", \"note\": \"seeded_mock_data\"}'),
(442, 'wamid.e220b3c4875a46078c217ecfe768e71a', 3, 23, 'outgoing', 'button', 'Siparişinizi onaylıyor musunuz? (Onayla / Reddet)', '2026-03-08 02:26:42', '{\"id\": \"wamid.e220b3c4875a46078c217ecfe768e71a\", \"note\": \"seeded_mock_data\"}'),
(443, 'wamid.fea357a9d0cf4792aad0aa5073712f1d', 3, 23, 'incoming', 'button', 'Onayla', '2026-03-08 02:57:42', '{\"id\": \"wamid.fea357a9d0cf4792aad0aa5073712f1d\", \"note\": \"seeded_mock_data\"}'),
(444, 'wamid.b77751f0ef1c41c59e54b251609c6ed0', 3, 23, 'outgoing', 'text', 'Siparişiniz başarıyla onaylanmıştır! ✅ Siparişiniz kargoya verildiğinde size bilgilendirme mesajı ileteceğiz.', '2026-03-08 02:59:42', '{\"id\": \"wamid.b77751f0ef1c41c59e54b251609c6ed0\", \"note\": \"seeded_mock_data\"}'),
(445, 'wamid.c2972ed3fd70495888401d5db1c4a2ab', 3, 23, 'incoming', 'button', 'Reddet', '2026-03-08 03:52:42', '{\"id\": \"wamid.c2972ed3fd70495888401d5db1c4a2ab\", \"note\": \"seeded_mock_data\"}'),
(446, 'wamid.119ab25f5f58435fa1f26e97f5f58afb', 3, 23, 'outgoing', 'text', 'Siparişiniz reddedilmiş ve iptal edilmiştir. Bizimle iletişime geçtiğiniz için teşekkürler.', '2026-03-08 04:27:42', '{\"id\": \"wamid.119ab25f5f58435fa1f26e97f5f58afb\", \"note\": \"seeded_mock_data\"}'),
(447, 'wamid.27d44a0865c3479d94e652b9e24b3fca', 3, 23, 'incoming', 'text', 'Adresimi değiştirmek istiyorum.', '2026-03-08 05:22:42', '{\"id\": \"wamid.27d44a0865c3479d94e652b9e24b3fca\", \"note\": \"seeded_mock_data\"}'),
(448, 'wamid.ef8b76e365814e40afae030d1966e64a', 3, 23, 'outgoing', 'text', 'Yeni adresinizi lütfen açık bir şekilde yazınız (AI Destekli Yanıt).', '2026-03-08 06:13:42', '{\"id\": \"wamid.ef8b76e365814e40afae030d1966e64a\", \"note\": \"seeded_mock_data\"}'),
(449, 'wamid.c39f826080f9470d973cedeb9b29cc6a', 3, 23, 'incoming', 'text', 'Müşteriden gelen test mesajı 9', '2026-03-08 06:24:42', '{\"id\": \"wamid.c39f826080f9470d973cedeb9b29cc6a\", \"note\": \"seeded_mock_data\"}'),
(450, 'wamid.3765a319b8a44c938dab899041aff7fc', 3, 23, 'outgoing', 'text', 'Sistemden giden otomatik yanıt 10', '2026-03-08 06:43:42', '{\"id\": \"wamid.3765a319b8a44c938dab899041aff7fc\", \"note\": \"seeded_mock_data\"}'),
(451, 'wamid.b9c13a6e18534ac9ac832ccc4f22435c', 3, 23, 'incoming', 'text', 'Müşteriden gelen test mesajı 11', '2026-03-08 07:09:42', '{\"id\": \"wamid.b9c13a6e18534ac9ac832ccc4f22435c\", \"note\": \"seeded_mock_data\"}'),
(452, 'wamid.0af12cbe1538443196eaa3bd3e8510c0', 3, 23, 'outgoing', 'text', 'Sistemden giden otomatik yanıt 12', '2026-03-08 07:45:42', '{\"id\": \"wamid.0af12cbe1538443196eaa3bd3e8510c0\", \"note\": \"seeded_mock_data\"}'),
(453, 'wamid.7430dff81cda49cc8ddc191c817e8dd1', 3, 23, 'incoming', 'text', 'Müşteriden gelen test mesajı 13', '2026-03-08 08:09:42', '{\"id\": \"wamid.7430dff81cda49cc8ddc191c817e8dd1\", \"note\": \"seeded_mock_data\"}'),
(454, 'wamid.1494b24549c94463950618d3d21dd3ff', 3, 23, 'outgoing', 'text', 'Sistemden giden otomatik yanıt 14', '2026-03-08 08:50:42', '{\"id\": \"wamid.1494b24549c94463950618d3d21dd3ff\", \"note\": \"seeded_mock_data\"}'),
(455, 'wamid.23dfdf01cc1341f08ca1085ed1f96abb', 3, 23, 'incoming', 'text', 'Müşteriden gelen test mesajı 15', '2026-03-08 09:12:42', '{\"id\": \"wamid.23dfdf01cc1341f08ca1085ed1f96abb\", \"note\": \"seeded_mock_data\"}'),
(456, 'wamid.ae93a6a742ef434399f474a5cfe242e2', 3, 23, 'outgoing', 'text', 'Sistemden giden otomatik yanıt 16', '2026-03-08 09:36:42', '{\"id\": \"wamid.ae93a6a742ef434399f474a5cfe242e2\", \"note\": \"seeded_mock_data\"}'),
(457, 'wamid.3878a15bcd834416aaf784c573a1d90c', 3, 23, 'incoming', 'text', 'Müşteriden gelen test mesajı 17', '2026-03-08 09:48:42', '{\"id\": \"wamid.3878a15bcd834416aaf784c573a1d90c\", \"note\": \"seeded_mock_data\"}'),
(458, 'wamid.509595ee599140d6af8c7700ac690fff', 3, 23, 'outgoing', 'text', 'Sistemden giden otomatik yanıt 18', '2026-03-08 10:06:42', '{\"id\": \"wamid.509595ee599140d6af8c7700ac690fff\", \"note\": \"seeded_mock_data\"}'),
(459, 'wamid.d88f3a66adce4a37b152f61bc4aeaf73', 3, 23, 'incoming', 'text', 'Müşteriden gelen test mesajı 19', '2026-03-08 10:32:42', '{\"id\": \"wamid.d88f3a66adce4a37b152f61bc4aeaf73\", \"note\": \"seeded_mock_data\"}'),
(460, 'wamid.ea132ccc26df4cb3bc20129a6e7d5f12', 3, 23, 'outgoing', 'text', 'Sistemden giden otomatik yanıt 20', '2026-03-08 10:33:42', '{\"id\": \"wamid.ea132ccc26df4cb3bc20129a6e7d5f12\", \"note\": \"seeded_mock_data\"}'),
(461, 'wamid.80e78df7c4ff426a9e9546c447e2245f', 3, 24, 'incoming', 'text', 'Merhaba, sipariş vermek istiyorum.', '2026-03-08 01:16:42', '{\"id\": \"wamid.80e78df7c4ff426a9e9546c447e2245f\", \"note\": \"seeded_mock_data\"}'),
(462, 'wamid.90b38c7bfaca4e8e904dd062c29f5c43', 3, 24, 'outgoing', 'button', 'Siparişinizi onaylıyor musunuz? (Onayla / Reddet)', '2026-03-08 01:35:42', '{\"id\": \"wamid.90b38c7bfaca4e8e904dd062c29f5c43\", \"note\": \"seeded_mock_data\"}'),
(463, 'wamid.9130c3a00a57465781c4f6fda198c3fc', 3, 24, 'incoming', 'button', 'Onayla', '2026-03-08 02:33:42', '{\"id\": \"wamid.9130c3a00a57465781c4f6fda198c3fc\", \"note\": \"seeded_mock_data\"}'),
(464, 'wamid.0d1ed744c79d4a3b9cea258b6b67f526', 3, 24, 'outgoing', 'text', 'Siparişiniz başarıyla onaylanmıştır! ✅ Siparişiniz kargoya verildiğinde size bilgilendirme mesajı ileteceğiz.', '2026-03-08 03:13:42', '{\"id\": \"wamid.0d1ed744c79d4a3b9cea258b6b67f526\", \"note\": \"seeded_mock_data\"}'),
(465, 'wamid.08231c8a551d415c9a22c70f0ed3419a', 3, 24, 'incoming', 'button', 'Reddet', '2026-03-08 03:35:42', '{\"id\": \"wamid.08231c8a551d415c9a22c70f0ed3419a\", \"note\": \"seeded_mock_data\"}'),
(466, 'wamid.2d2cf42018dc4562888d88354c3bc84e', 3, 24, 'outgoing', 'text', 'Siparişiniz reddedilmiş ve iptal edilmiştir. Bizimle iletişime geçtiğiniz için teşekkürler.', '2026-03-08 03:45:42', '{\"id\": \"wamid.2d2cf42018dc4562888d88354c3bc84e\", \"note\": \"seeded_mock_data\"}'),
(467, 'wamid.f16a1acdb95141db9d7331672a4a57be', 3, 24, 'incoming', 'text', 'Adresimi değiştirmek istiyorum.', '2026-03-08 04:24:42', '{\"id\": \"wamid.f16a1acdb95141db9d7331672a4a57be\", \"note\": \"seeded_mock_data\"}'),
(468, 'wamid.a81f1948d80644269c67763d97f4a054', 3, 24, 'outgoing', 'text', 'Yeni adresinizi lütfen açık bir şekilde yazınız (AI Destekli Yanıt).', '2026-03-08 04:40:42', '{\"id\": \"wamid.a81f1948d80644269c67763d97f4a054\", \"note\": \"seeded_mock_data\"}'),
(469, 'wamid.9eeaabb76c5a4d0b8cab6daaf8c8c34e', 3, 24, 'incoming', 'text', 'Müşteriden gelen test mesajı 9', '2026-03-08 04:57:42', '{\"id\": \"wamid.9eeaabb76c5a4d0b8cab6daaf8c8c34e\", \"note\": \"seeded_mock_data\"}'),
(470, 'wamid.a2bd0aaf3cf845c8b558935b1b81302d', 3, 24, 'outgoing', 'text', 'Sistemden giden otomatik yanıt 10', '2026-03-08 05:42:42', '{\"id\": \"wamid.a2bd0aaf3cf845c8b558935b1b81302d\", \"note\": \"seeded_mock_data\"}'),
(471, 'wamid.8eecc0d3998844a3962ce0b9aa9d6bb0', 3, 24, 'incoming', 'text', 'Müşteriden gelen test mesajı 11', '2026-03-08 05:44:42', '{\"id\": \"wamid.8eecc0d3998844a3962ce0b9aa9d6bb0\", \"note\": \"seeded_mock_data\"}'),
(472, 'wamid.2332d2db006249e3bf1203090a4fa78b', 3, 24, 'outgoing', 'text', 'Sistemden giden otomatik yanıt 12', '2026-03-08 05:55:42', '{\"id\": \"wamid.2332d2db006249e3bf1203090a4fa78b\", \"note\": \"seeded_mock_data\"}'),
(473, 'wamid.7d8ab2e6c07c416d854049b7422ce3de', 3, 24, 'incoming', 'text', 'Müşteriden gelen test mesajı 13', '2026-03-08 06:18:42', '{\"id\": \"wamid.7d8ab2e6c07c416d854049b7422ce3de\", \"note\": \"seeded_mock_data\"}'),
(474, 'wamid.6c3df3af0720429d955d83fee3023f80', 3, 24, 'outgoing', 'text', 'Sistemden giden otomatik yanıt 14', '2026-03-08 07:06:42', '{\"id\": \"wamid.6c3df3af0720429d955d83fee3023f80\", \"note\": \"seeded_mock_data\"}'),
(475, 'wamid.fde45575992b4bb19316ce03cb402df2', 3, 24, 'incoming', 'text', 'Müşteriden gelen test mesajı 15', '2026-03-08 07:30:42', '{\"id\": \"wamid.fde45575992b4bb19316ce03cb402df2\", \"note\": \"seeded_mock_data\"}'),
(476, 'wamid.ad69e2b37a2a4d17b858beb9c6dca684', 3, 24, 'outgoing', 'text', 'Sistemden giden otomatik yanıt 16', '2026-03-08 08:03:42', '{\"id\": \"wamid.ad69e2b37a2a4d17b858beb9c6dca684\", \"note\": \"seeded_mock_data\"}'),
(477, 'wamid.65a1b98829c14a1693ac2fcffefbc9bc', 3, 24, 'incoming', 'text', 'Müşteriden gelen test mesajı 17', '2026-03-08 08:59:42', '{\"id\": \"wamid.65a1b98829c14a1693ac2fcffefbc9bc\", \"note\": \"seeded_mock_data\"}'),
(478, 'wamid.5608c36ba33546889fabb3df274f03b7', 3, 24, 'outgoing', 'text', 'Sistemden giden otomatik yanıt 18', '2026-03-08 09:31:42', '{\"id\": \"wamid.5608c36ba33546889fabb3df274f03b7\", \"note\": \"seeded_mock_data\"}'),
(479, 'wamid.c988d5e8bed142e48b3a2e351c8fc873', 3, 24, 'incoming', 'text', 'Müşteriden gelen test mesajı 19', '2026-03-08 10:22:42', '{\"id\": \"wamid.c988d5e8bed142e48b3a2e351c8fc873\", \"note\": \"seeded_mock_data\"}'),
(480, 'wamid.ec84b5f0f517483fac7a1bf68bc1828f', 3, 24, 'outgoing', 'text', 'Sistemden giden otomatik yanıt 20', '2026-03-08 10:56:42', '{\"id\": \"wamid.ec84b5f0f517483fac7a1bf68bc1828f\", \"note\": \"seeded_mock_data\"}'),
(481, 'wamid.e3f437c86fa348d4afcec3dbe21a11b4', 3, 25, 'incoming', 'text', 'Merhaba, sipariş vermek istiyorum.', '2026-03-08 01:23:42', '{\"id\": \"wamid.e3f437c86fa348d4afcec3dbe21a11b4\", \"note\": \"seeded_mock_data\"}'),
(482, 'wamid.1d3c923a2184474c976691934fff862d', 3, 25, 'outgoing', 'button', 'Siparişinizi onaylıyor musunuz? (Onayla / Reddet)', '2026-03-08 01:49:42', '{\"id\": \"wamid.1d3c923a2184474c976691934fff862d\", \"note\": \"seeded_mock_data\"}'),
(483, 'wamid.d0b780e1923a42c9a0d7dcd1e4dbef18', 3, 25, 'incoming', 'button', 'Onayla', '2026-03-08 02:16:42', '{\"id\": \"wamid.d0b780e1923a42c9a0d7dcd1e4dbef18\", \"note\": \"seeded_mock_data\"}'),
(484, 'wamid.bfa6a98c9219419f8f79f4ab49d2b0ac', 3, 25, 'outgoing', 'text', 'Siparişiniz başarıyla onaylanmıştır! ✅ Siparişiniz kargoya verildiğinde size bilgilendirme mesajı ileteceğiz.', '2026-03-08 02:29:42', '{\"id\": \"wamid.bfa6a98c9219419f8f79f4ab49d2b0ac\", \"note\": \"seeded_mock_data\"}'),
(485, 'wamid.ddd70c42782a41c9a7d3d14b7598e3e9', 3, 25, 'incoming', 'button', 'Reddet', '2026-03-08 03:25:42', '{\"id\": \"wamid.ddd70c42782a41c9a7d3d14b7598e3e9\", \"note\": \"seeded_mock_data\"}'),
(486, 'wamid.fd0a34b74d17412aaeecbb92f356aa87', 3, 25, 'outgoing', 'text', 'Siparişiniz reddedilmiş ve iptal edilmiştir. Bizimle iletişime geçtiğiniz için teşekkürler.', '2026-03-08 03:56:42', '{\"id\": \"wamid.fd0a34b74d17412aaeecbb92f356aa87\", \"note\": \"seeded_mock_data\"}'),
(487, 'wamid.02c0ced8212e47118adfd78f02000cd1', 3, 25, 'incoming', 'text', 'Adresimi değiştirmek istiyorum.', '2026-03-08 04:34:42', '{\"id\": \"wamid.02c0ced8212e47118adfd78f02000cd1\", \"note\": \"seeded_mock_data\"}'),
(488, 'wamid.21508f1a553347bda582cb114c21ae36', 3, 25, 'outgoing', 'text', 'Yeni adresinizi lütfen açık bir şekilde yazınız (AI Destekli Yanıt).', '2026-03-08 04:41:42', '{\"id\": \"wamid.21508f1a553347bda582cb114c21ae36\", \"note\": \"seeded_mock_data\"}'),
(489, 'wamid.368122e953234df4925d329ba848571b', 3, 25, 'incoming', 'text', 'Müşteriden gelen test mesajı 9', '2026-03-08 05:13:42', '{\"id\": \"wamid.368122e953234df4925d329ba848571b\", \"note\": \"seeded_mock_data\"}'),
(490, 'wamid.829165c3f2694233b2e45a8404b7cc71', 3, 25, 'outgoing', 'text', 'Sistemden giden otomatik yanıt 10', '2026-03-08 06:13:42', '{\"id\": \"wamid.829165c3f2694233b2e45a8404b7cc71\", \"note\": \"seeded_mock_data\"}'),
(491, 'wamid.ff2beed24e154ab9af6314b3cb1861cc', 3, 25, 'incoming', 'text', 'Müşteriden gelen test mesajı 11', '2026-03-08 07:07:42', '{\"id\": \"wamid.ff2beed24e154ab9af6314b3cb1861cc\", \"note\": \"seeded_mock_data\"}'),
(492, 'wamid.4d01c17cd32f4aa284fc90e16adae405', 3, 25, 'outgoing', 'text', 'Sistemden giden otomatik yanıt 12', '2026-03-08 07:30:42', '{\"id\": \"wamid.4d01c17cd32f4aa284fc90e16adae405\", \"note\": \"seeded_mock_data\"}'),
(493, 'wamid.6a87606ea4f74ff18c409c18aba49369', 3, 25, 'incoming', 'text', 'Müşteriden gelen test mesajı 13', '2026-03-08 08:19:42', '{\"id\": \"wamid.6a87606ea4f74ff18c409c18aba49369\", \"note\": \"seeded_mock_data\"}'),
(494, 'wamid.7c35cd6491284901a82d67e78752e63e', 3, 25, 'outgoing', 'text', 'Sistemden giden otomatik yanıt 14', '2026-03-08 09:10:42', '{\"id\": \"wamid.7c35cd6491284901a82d67e78752e63e\", \"note\": \"seeded_mock_data\"}'),
(495, 'wamid.d9b6789f94224dd694588e8e54460216', 3, 25, 'incoming', 'text', 'Müşteriden gelen test mesajı 15', '2026-03-08 09:37:42', '{\"id\": \"wamid.d9b6789f94224dd694588e8e54460216\", \"note\": \"seeded_mock_data\"}'),
(496, 'wamid.85826e7070d644a29f841529e32b755f', 3, 25, 'outgoing', 'text', 'Sistemden giden otomatik yanıt 16', '2026-03-08 10:05:42', '{\"id\": \"wamid.85826e7070d644a29f841529e32b755f\", \"note\": \"seeded_mock_data\"}'),
(497, 'wamid.a3fe71047612497f80c5ef959d45eb84', 3, 25, 'incoming', 'text', 'Müşteriden gelen test mesajı 17', '2026-03-08 10:16:42', '{\"id\": \"wamid.a3fe71047612497f80c5ef959d45eb84\", \"note\": \"seeded_mock_data\"}'),
(498, 'wamid.42f0691231c74d179408bb1933f35fe0', 3, 25, 'outgoing', 'text', 'Sistemden giden otomatik yanıt 18', '2026-03-08 11:10:42', '{\"id\": \"wamid.42f0691231c74d179408bb1933f35fe0\", \"note\": \"seeded_mock_data\"}'),
(499, 'wamid.5633766c03864631aad82b25613319e2', 3, 25, 'incoming', 'text', 'Müşteriden gelen test mesajı 19', '2026-03-08 12:01:42', '{\"id\": \"wamid.5633766c03864631aad82b25613319e2\", \"note\": \"seeded_mock_data\"}'),
(500, 'wamid.52fe483629e141b8a3501ba3c9aa5449', 3, 25, 'outgoing', 'text', 'Sistemden giden otomatik yanıt 20', '2026-03-08 12:18:42', '{\"id\": \"wamid.52fe483629e141b8a3501ba3c9aa5449\", \"note\": \"seeded_mock_data\"}'),
(501, 'wamid.ad17de578197452881adbda8d7df8a41', 3, 26, 'incoming', 'text', 'Merhaba, sipariş vermek istiyorum.', '2026-03-08 01:59:42', '{\"id\": \"wamid.ad17de578197452881adbda8d7df8a41\", \"note\": \"seeded_mock_data\"}'),
(502, 'wamid.0ed0d4be66b24772b6dd418de68a8750', 3, 26, 'outgoing', 'button', 'Siparişinizi onaylıyor musunuz? (Onayla / Reddet)', '2026-03-08 02:28:42', '{\"id\": \"wamid.0ed0d4be66b24772b6dd418de68a8750\", \"note\": \"seeded_mock_data\"}'),
(503, 'wamid.2aacee0d8b084d83a96c51ab53e350e5', 3, 26, 'incoming', 'button', 'Onayla', '2026-03-08 03:07:42', '{\"id\": \"wamid.2aacee0d8b084d83a96c51ab53e350e5\", \"note\": \"seeded_mock_data\"}'),
(504, 'wamid.c51dad9e0be941619022909c3119b386', 3, 26, 'outgoing', 'text', 'Siparişiniz başarıyla onaylanmıştır! ✅ Siparişiniz kargoya verildiğinde size bilgilendirme mesajı ileteceğiz.', '2026-03-08 03:23:42', '{\"id\": \"wamid.c51dad9e0be941619022909c3119b386\", \"note\": \"seeded_mock_data\"}'),
(505, 'wamid.b5b7b60367454e999b975a1a8de6d409', 3, 26, 'incoming', 'button', 'Reddet', '2026-03-08 03:50:42', '{\"id\": \"wamid.b5b7b60367454e999b975a1a8de6d409\", \"note\": \"seeded_mock_data\"}'),
(506, 'wamid.995b54281e67472597e9935d530aafff', 3, 26, 'outgoing', 'text', 'Siparişiniz reddedilmiş ve iptal edilmiştir. Bizimle iletişime geçtiğiniz için teşekkürler.', '2026-03-08 04:09:42', '{\"id\": \"wamid.995b54281e67472597e9935d530aafff\", \"note\": \"seeded_mock_data\"}'),
(507, 'wamid.f08a30b0df9e406fa1617a2700f04511', 3, 26, 'incoming', 'text', 'Adresimi değiştirmek istiyorum.', '2026-03-08 04:36:42', '{\"id\": \"wamid.f08a30b0df9e406fa1617a2700f04511\", \"note\": \"seeded_mock_data\"}'),
(508, 'wamid.7c071e76126b4aeb809a48441be52a53', 3, 26, 'outgoing', 'text', 'Yeni adresinizi lütfen açık bir şekilde yazınız (AI Destekli Yanıt).', '2026-03-08 04:47:42', '{\"id\": \"wamid.7c071e76126b4aeb809a48441be52a53\", \"note\": \"seeded_mock_data\"}'),
(509, 'wamid.f676783c0dd949d38f434e1252d1296b', 3, 26, 'incoming', 'text', 'Müşteriden gelen test mesajı 9', '2026-03-08 05:31:42', '{\"id\": \"wamid.f676783c0dd949d38f434e1252d1296b\", \"note\": \"seeded_mock_data\"}'),
(510, 'wamid.e2f1e3876aa14165973251a5a1281c08', 3, 26, 'outgoing', 'text', 'Sistemden giden otomatik yanıt 10', '2026-03-08 05:52:42', '{\"id\": \"wamid.e2f1e3876aa14165973251a5a1281c08\", \"note\": \"seeded_mock_data\"}'),
(511, 'wamid.1bc9de426cdb4e8aadc3cc9bfd5c87b5', 3, 26, 'incoming', 'text', 'Müşteriden gelen test mesajı 11', '2026-03-08 06:20:42', '{\"id\": \"wamid.1bc9de426cdb4e8aadc3cc9bfd5c87b5\", \"note\": \"seeded_mock_data\"}'),
(512, 'wamid.ed80b97fae8147409a42190999e2545c', 3, 26, 'outgoing', 'text', 'Sistemden giden otomatik yanıt 12', '2026-03-08 06:44:42', '{\"id\": \"wamid.ed80b97fae8147409a42190999e2545c\", \"note\": \"seeded_mock_data\"}'),
(513, 'wamid.00724b6841d94dc683e876a35cb902b2', 3, 26, 'incoming', 'text', 'Müşteriden gelen test mesajı 13', '2026-03-08 07:15:42', '{\"id\": \"wamid.00724b6841d94dc683e876a35cb902b2\", \"note\": \"seeded_mock_data\"}'),
(514, 'wamid.acf2068922b446e3af061f67f38f3e8c', 3, 26, 'outgoing', 'text', 'Sistemden giden otomatik yanıt 14', '2026-03-08 07:32:42', '{\"id\": \"wamid.acf2068922b446e3af061f67f38f3e8c\", \"note\": \"seeded_mock_data\"}'),
(515, 'wamid.12d47911068e4ab182d00d30c6abb08a', 3, 26, 'incoming', 'text', 'Müşteriden gelen test mesajı 15', '2026-03-08 08:28:42', '{\"id\": \"wamid.12d47911068e4ab182d00d30c6abb08a\", \"note\": \"seeded_mock_data\"}'),
(516, 'wamid.2a6bc89f720f4777872b66358f44f1b0', 3, 26, 'outgoing', 'text', 'Sistemden giden otomatik yanıt 16', '2026-03-08 08:43:42', '{\"id\": \"wamid.2a6bc89f720f4777872b66358f44f1b0\", \"note\": \"seeded_mock_data\"}'),
(517, 'wamid.0c36a1388f07471b90db3550a5058ebd', 3, 26, 'incoming', 'text', 'Müşteriden gelen test mesajı 17', '2026-03-08 08:44:42', '{\"id\": \"wamid.0c36a1388f07471b90db3550a5058ebd\", \"note\": \"seeded_mock_data\"}'),
(518, 'wamid.9618755f01bf44948618c1e13f25d12a', 3, 26, 'outgoing', 'text', 'Sistemden giden otomatik yanıt 18', '2026-03-08 09:27:42', '{\"id\": \"wamid.9618755f01bf44948618c1e13f25d12a\", \"note\": \"seeded_mock_data\"}'),
(519, 'wamid.d1a45b78534f45c2b6061415d8f04ad1', 3, 26, 'incoming', 'text', 'Müşteriden gelen test mesajı 19', '2026-03-08 09:32:42', '{\"id\": \"wamid.d1a45b78534f45c2b6061415d8f04ad1\", \"note\": \"seeded_mock_data\"}'),
(520, 'wamid.56650d1b646843b1a68dc017ed3f3066', 3, 26, 'outgoing', 'text', 'Sistemden giden otomatik yanıt 20', '2026-03-08 09:34:42', '{\"id\": \"wamid.56650d1b646843b1a68dc017ed3f3066\", \"note\": \"seeded_mock_data\"}'),
(521, 'wamid.128f31e1fe674a6da2f7fc64db2a6c56', 3, 27, 'incoming', 'text', 'Merhaba, sipariş vermek istiyorum.', '2026-03-08 01:13:42', '{\"id\": \"wamid.128f31e1fe674a6da2f7fc64db2a6c56\", \"note\": \"seeded_mock_data\"}'),
(522, 'wamid.bf540817804743b58057ac22e72a5e52', 3, 27, 'outgoing', 'button', 'Siparişinizi onaylıyor musunuz? (Onayla / Reddet)', '2026-03-08 01:50:42', '{\"id\": \"wamid.bf540817804743b58057ac22e72a5e52\", \"note\": \"seeded_mock_data\"}'),
(523, 'wamid.ac0ac6c3e9944e3d8f42df39986e6abc', 3, 27, 'incoming', 'button', 'Onayla', '2026-03-08 02:47:42', '{\"id\": \"wamid.ac0ac6c3e9944e3d8f42df39986e6abc\", \"note\": \"seeded_mock_data\"}'),
(524, 'wamid.386bec15d4da4e2ab80d5d7eecf1dbc9', 3, 27, 'outgoing', 'text', 'Siparişiniz başarıyla onaylanmıştır! ✅ Siparişiniz kargoya verildiğinde size bilgilendirme mesajı ileteceğiz.', '2026-03-08 02:57:42', '{\"id\": \"wamid.386bec15d4da4e2ab80d5d7eecf1dbc9\", \"note\": \"seeded_mock_data\"}'),
(525, 'wamid.c3d8a8e26c1a4de1ac1896ec3f1eed85', 3, 27, 'incoming', 'button', 'Reddet', '2026-03-08 03:27:42', '{\"id\": \"wamid.c3d8a8e26c1a4de1ac1896ec3f1eed85\", \"note\": \"seeded_mock_data\"}'),
(526, 'wamid.d569a27d45fe4d218a48c091978d4e50', 3, 27, 'outgoing', 'text', 'Siparişiniz reddedilmiş ve iptal edilmiştir. Bizimle iletişime geçtiğiniz için teşekkürler.', '2026-03-08 03:40:42', '{\"id\": \"wamid.d569a27d45fe4d218a48c091978d4e50\", \"note\": \"seeded_mock_data\"}'),
(527, 'wamid.7a5afe5bcce142eab6a3e88c13ace18a', 3, 27, 'incoming', 'text', 'Adresimi değiştirmek istiyorum.', '2026-03-08 04:40:42', '{\"id\": \"wamid.7a5afe5bcce142eab6a3e88c13ace18a\", \"note\": \"seeded_mock_data\"}'),
(528, 'wamid.7afebd49f9d243909bdf4b3f39a3e923', 3, 27, 'outgoing', 'text', 'Yeni adresinizi lütfen açık bir şekilde yazınız (AI Destekli Yanıt).', '2026-03-08 04:44:42', '{\"id\": \"wamid.7afebd49f9d243909bdf4b3f39a3e923\", \"note\": \"seeded_mock_data\"}'),
(529, 'wamid.c33b4d34443541c985ea3d5a9f3b8466', 3, 27, 'incoming', 'text', 'Müşteriden gelen test mesajı 9', '2026-03-08 05:42:42', '{\"id\": \"wamid.c33b4d34443541c985ea3d5a9f3b8466\", \"note\": \"seeded_mock_data\"}'),
(530, 'wamid.ce8c40e5638a4cd191cb7ea0e9d54cf9', 3, 27, 'outgoing', 'text', 'Sistemden giden otomatik yanıt 10', '2026-03-08 05:55:42', '{\"id\": \"wamid.ce8c40e5638a4cd191cb7ea0e9d54cf9\", \"note\": \"seeded_mock_data\"}'),
(531, 'wamid.beb3e123ccf4462facc5aaed96eda79c', 3, 27, 'incoming', 'text', 'Müşteriden gelen test mesajı 11', '2026-03-08 06:22:42', '{\"id\": \"wamid.beb3e123ccf4462facc5aaed96eda79c\", \"note\": \"seeded_mock_data\"}'),
(532, 'wamid.59e3827e058a4436bdbd2806599cf28a', 3, 27, 'outgoing', 'text', 'Sistemden giden otomatik yanıt 12', '2026-03-08 06:53:42', '{\"id\": \"wamid.59e3827e058a4436bdbd2806599cf28a\", \"note\": \"seeded_mock_data\"}'),
(533, 'wamid.5ad38d03e93b4ecd96ea92fa4c943452', 3, 27, 'incoming', 'text', 'Müşteriden gelen test mesajı 13', '2026-03-08 07:03:42', '{\"id\": \"wamid.5ad38d03e93b4ecd96ea92fa4c943452\", \"note\": \"seeded_mock_data\"}'),
(534, 'wamid.04f3fccff37b4d6eb12c7eb12eff50f8', 3, 27, 'outgoing', 'text', 'Sistemden giden otomatik yanıt 14', '2026-03-08 07:08:42', '{\"id\": \"wamid.04f3fccff37b4d6eb12c7eb12eff50f8\", \"note\": \"seeded_mock_data\"}'),
(535, 'wamid.dd9263eabbab4e84901c47a9de7dd4df', 3, 27, 'incoming', 'text', 'Müşteriden gelen test mesajı 15', '2026-03-08 08:02:42', '{\"id\": \"wamid.dd9263eabbab4e84901c47a9de7dd4df\", \"note\": \"seeded_mock_data\"}'),
(536, 'wamid.bbdad6f99c8845a48a74aedea22fc69c', 3, 27, 'outgoing', 'text', 'Sistemden giden otomatik yanıt 16', '2026-03-08 08:10:42', '{\"id\": \"wamid.bbdad6f99c8845a48a74aedea22fc69c\", \"note\": \"seeded_mock_data\"}'),
(537, 'wamid.e6f7f586a4164417ad4cb1117fd1f2f6', 3, 27, 'incoming', 'text', 'Müşteriden gelen test mesajı 17', '2026-03-08 08:45:42', '{\"id\": \"wamid.e6f7f586a4164417ad4cb1117fd1f2f6\", \"note\": \"seeded_mock_data\"}'),
(538, 'wamid.998ea284c5c2425c90e801855122e98f', 3, 27, 'outgoing', 'text', 'Sistemden giden otomatik yanıt 18', '2026-03-08 09:12:42', '{\"id\": \"wamid.998ea284c5c2425c90e801855122e98f\", \"note\": \"seeded_mock_data\"}'),
(539, 'wamid.cf11f8806a73410b97cd738025891b3e', 3, 27, 'incoming', 'text', 'Müşteriden gelen test mesajı 19', '2026-03-08 10:01:42', '{\"id\": \"wamid.cf11f8806a73410b97cd738025891b3e\", \"note\": \"seeded_mock_data\"}'),
(540, 'wamid.5985a9502d044764aaf4388d7a13371b', 3, 27, 'outgoing', 'text', 'Sistemden giden otomatik yanıt 20', '2026-03-08 10:54:42', '{\"id\": \"wamid.5985a9502d044764aaf4388d7a13371b\", \"note\": \"seeded_mock_data\"}'),
(541, 'wamid.9f3185d5affd44e59d5ccbb64bc0143e', 3, 28, 'incoming', 'text', 'Merhaba, sipariş vermek istiyorum.', '2026-03-08 01:58:42', '{\"id\": \"wamid.9f3185d5affd44e59d5ccbb64bc0143e\", \"note\": \"seeded_mock_data\"}'),
(542, 'wamid.3b9a157b56824b3ca576f18927a674db', 3, 28, 'outgoing', 'button', 'Siparişinizi onaylıyor musunuz? (Onayla / Reddet)', '2026-03-08 02:21:42', '{\"id\": \"wamid.3b9a157b56824b3ca576f18927a674db\", \"note\": \"seeded_mock_data\"}'),
(543, 'wamid.c559ac41d7ff4f9fb0d067d7ef6fba9b', 3, 28, 'incoming', 'button', 'Onayla', '2026-03-08 03:19:42', '{\"id\": \"wamid.c559ac41d7ff4f9fb0d067d7ef6fba9b\", \"note\": \"seeded_mock_data\"}'),
(544, 'wamid.5d9cda30287a48e2a50b9b6279ddd5f6', 3, 28, 'outgoing', 'text', 'Siparişiniz başarıyla onaylanmıştır! ✅ Siparişiniz kargoya verildiğinde size bilgilendirme mesajı ileteceğiz.', '2026-03-08 03:43:42', '{\"id\": \"wamid.5d9cda30287a48e2a50b9b6279ddd5f6\", \"note\": \"seeded_mock_data\"}'),
(545, 'wamid.4f3c3a0fd6b445068247a422d6929df5', 3, 28, 'incoming', 'button', 'Reddet', '2026-03-08 04:34:42', '{\"id\": \"wamid.4f3c3a0fd6b445068247a422d6929df5\", \"note\": \"seeded_mock_data\"}'),
(546, 'wamid.0c393c2034024c8dbbf90ab50f118bdd', 3, 28, 'outgoing', 'text', 'Siparişiniz reddedilmiş ve iptal edilmiştir. Bizimle iletişime geçtiğiniz için teşekkürler.', '2026-03-08 04:55:42', '{\"id\": \"wamid.0c393c2034024c8dbbf90ab50f118bdd\", \"note\": \"seeded_mock_data\"}'),
(547, 'wamid.9a5fbb47b7e74a498d478ab6a04405d3', 3, 28, 'incoming', 'text', 'Adresimi değiştirmek istiyorum.', '2026-03-08 05:32:42', '{\"id\": \"wamid.9a5fbb47b7e74a498d478ab6a04405d3\", \"note\": \"seeded_mock_data\"}'),
(548, 'wamid.a4179351389f40109c2392807107324d', 3, 28, 'outgoing', 'text', 'Yeni adresinizi lütfen açık bir şekilde yazınız (AI Destekli Yanıt).', '2026-03-08 06:19:42', '{\"id\": \"wamid.a4179351389f40109c2392807107324d\", \"note\": \"seeded_mock_data\"}'),
(549, 'wamid.d258d28d6268423d95756ef606900b1b', 3, 28, 'incoming', 'text', 'Müşteriden gelen test mesajı 9', '2026-03-08 07:07:42', '{\"id\": \"wamid.d258d28d6268423d95756ef606900b1b\", \"note\": \"seeded_mock_data\"}'),
(550, 'wamid.8d299f63ec5a4070935b30108f723c7e', 3, 28, 'outgoing', 'text', 'Sistemden giden otomatik yanıt 10', '2026-03-08 07:44:42', '{\"id\": \"wamid.8d299f63ec5a4070935b30108f723c7e\", \"note\": \"seeded_mock_data\"}'),
(551, 'wamid.0f410b1411924ec9b24be99af4f0e469', 3, 28, 'incoming', 'text', 'Müşteriden gelen test mesajı 11', '2026-03-08 08:01:42', '{\"id\": \"wamid.0f410b1411924ec9b24be99af4f0e469\", \"note\": \"seeded_mock_data\"}'),
(552, 'wamid.47389514b6124b27b2d7a6c5cee086fb', 3, 28, 'outgoing', 'text', 'Sistemden giden otomatik yanıt 12', '2026-03-08 08:08:42', '{\"id\": \"wamid.47389514b6124b27b2d7a6c5cee086fb\", \"note\": \"seeded_mock_data\"}'),
(553, 'wamid.171b9fb4101c47e79282fc797f7176e3', 3, 28, 'incoming', 'text', 'Müşteriden gelen test mesajı 13', '2026-03-08 09:06:42', '{\"id\": \"wamid.171b9fb4101c47e79282fc797f7176e3\", \"note\": \"seeded_mock_data\"}'),
(554, 'wamid.1a5d8fa8e70c4dd393029c777da776d1', 3, 28, 'outgoing', 'text', 'Sistemden giden otomatik yanıt 14', '2026-03-08 09:59:42', '{\"id\": \"wamid.1a5d8fa8e70c4dd393029c777da776d1\", \"note\": \"seeded_mock_data\"}'),
(555, 'wamid.9b07eeee8b3c427daa5f6793984ae0f1', 3, 28, 'incoming', 'text', 'Müşteriden gelen test mesajı 15', '2026-03-08 10:42:42', '{\"id\": \"wamid.9b07eeee8b3c427daa5f6793984ae0f1\", \"note\": \"seeded_mock_data\"}'),
(556, 'wamid.394e5a85fd994f98a34c7cefd844fe81', 3, 28, 'outgoing', 'text', 'Sistemden giden otomatik yanıt 16', '2026-03-08 11:30:42', '{\"id\": \"wamid.394e5a85fd994f98a34c7cefd844fe81\", \"note\": \"seeded_mock_data\"}'),
(557, 'wamid.ac8546f607114fbf9cdb863958fb69ae', 3, 28, 'incoming', 'text', 'Müşteriden gelen test mesajı 17', '2026-03-08 11:34:42', '{\"id\": \"wamid.ac8546f607114fbf9cdb863958fb69ae\", \"note\": \"seeded_mock_data\"}'),
(558, 'wamid.21f84ed4b47c4d98ba9998db84145430', 3, 28, 'outgoing', 'text', 'Sistemden giden otomatik yanıt 18', '2026-03-08 12:29:42', '{\"id\": \"wamid.21f84ed4b47c4d98ba9998db84145430\", \"note\": \"seeded_mock_data\"}'),
(559, 'wamid.b8e346ad31d245ea89699a10d085d0f6', 3, 28, 'incoming', 'text', 'Müşteriden gelen test mesajı 19', '2026-03-08 12:43:42', '{\"id\": \"wamid.b8e346ad31d245ea89699a10d085d0f6\", \"note\": \"seeded_mock_data\"}'),
(560, 'wamid.e3470f0c10ef4f86915a00c4db14cb5d', 3, 28, 'outgoing', 'text', 'Sistemden giden otomatik yanıt 20', '2026-03-08 13:19:42', '{\"id\": \"wamid.e3470f0c10ef4f86915a00c4db14cb5d\", \"note\": \"seeded_mock_data\"}'),
(561, 'wamid.b8564810f01549d391aeba7129344bfc', 3, 29, 'incoming', 'text', 'Merhaba, sipariş vermek istiyorum.', '2026-03-08 01:54:42', '{\"id\": \"wamid.b8564810f01549d391aeba7129344bfc\", \"note\": \"seeded_mock_data\"}'),
(562, 'wamid.a6d53fa54a7241219eec5d7b1e18bcdc', 3, 29, 'outgoing', 'button', 'Siparişinizi onaylıyor musunuz? (Onayla / Reddet)', '2026-03-08 02:01:42', '{\"id\": \"wamid.a6d53fa54a7241219eec5d7b1e18bcdc\", \"note\": \"seeded_mock_data\"}'),
(563, 'wamid.319f5da9202d471ab60d1808e4a48484', 3, 29, 'incoming', 'button', 'Onayla', '2026-03-08 02:54:42', '{\"id\": \"wamid.319f5da9202d471ab60d1808e4a48484\", \"note\": \"seeded_mock_data\"}'),
(564, 'wamid.91581923845a4f768f24b93bc4e7ef2b', 3, 29, 'outgoing', 'text', 'Siparişiniz başarıyla onaylanmıştır! ✅ Siparişiniz kargoya verildiğinde size bilgilendirme mesajı ileteceğiz.', '2026-03-08 03:15:42', '{\"id\": \"wamid.91581923845a4f768f24b93bc4e7ef2b\", \"note\": \"seeded_mock_data\"}'),
(565, 'wamid.d9a956386ca2423497e726e1578cd8aa', 3, 29, 'incoming', 'button', 'Reddet', '2026-03-08 03:48:42', '{\"id\": \"wamid.d9a956386ca2423497e726e1578cd8aa\", \"note\": \"seeded_mock_data\"}'),
(566, 'wamid.9ab2286599c54bdf91ba72428bcdade4', 3, 29, 'outgoing', 'text', 'Siparişiniz reddedilmiş ve iptal edilmiştir. Bizimle iletişime geçtiğiniz için teşekkürler.', '2026-03-08 04:27:42', '{\"id\": \"wamid.9ab2286599c54bdf91ba72428bcdade4\", \"note\": \"seeded_mock_data\"}'),
(567, 'wamid.d896829544d447edaa730fc2492bedc4', 3, 29, 'incoming', 'text', 'Adresimi değiştirmek istiyorum.', '2026-03-08 05:08:42', '{\"id\": \"wamid.d896829544d447edaa730fc2492bedc4\", \"note\": \"seeded_mock_data\"}'),
(568, 'wamid.5813921fec79488492a64fe51db74a19', 3, 29, 'outgoing', 'text', 'Yeni adresinizi lütfen açık bir şekilde yazınız (AI Destekli Yanıt).', '2026-03-08 05:36:42', '{\"id\": \"wamid.5813921fec79488492a64fe51db74a19\", \"note\": \"seeded_mock_data\"}'),
(569, 'wamid.9690a5702068449d8118c36baea78183', 3, 29, 'incoming', 'text', 'Müşteriden gelen test mesajı 9', '2026-03-08 06:25:42', '{\"id\": \"wamid.9690a5702068449d8118c36baea78183\", \"note\": \"seeded_mock_data\"}'),
(570, 'wamid.5eec9a7408004044828bd1ac67f80c31', 3, 29, 'outgoing', 'text', 'Sistemden giden otomatik yanıt 10', '2026-03-08 07:22:42', '{\"id\": \"wamid.5eec9a7408004044828bd1ac67f80c31\", \"note\": \"seeded_mock_data\"}'),
(571, 'wamid.346ede388ef04fe786dcd7ef82f99bcc', 3, 29, 'incoming', 'text', 'Müşteriden gelen test mesajı 11', '2026-03-08 07:32:42', '{\"id\": \"wamid.346ede388ef04fe786dcd7ef82f99bcc\", \"note\": \"seeded_mock_data\"}'),
(572, 'wamid.206a3555828643e68984d098e22afc75', 3, 29, 'outgoing', 'text', 'Sistemden giden otomatik yanıt 12', '2026-03-08 07:37:42', '{\"id\": \"wamid.206a3555828643e68984d098e22afc75\", \"note\": \"seeded_mock_data\"}'),
(573, 'wamid.11512e4b55f240d98867eea7cf8481c3', 3, 29, 'incoming', 'text', 'Müşteriden gelen test mesajı 13', '2026-03-08 07:41:42', '{\"id\": \"wamid.11512e4b55f240d98867eea7cf8481c3\", \"note\": \"seeded_mock_data\"}'),
(574, 'wamid.d26073b7be0d43e1bb970fc22693f170', 3, 29, 'outgoing', 'text', 'Sistemden giden otomatik yanıt 14', '2026-03-08 08:09:42', '{\"id\": \"wamid.d26073b7be0d43e1bb970fc22693f170\", \"note\": \"seeded_mock_data\"}'),
(575, 'wamid.6b6ed8be035544119979b7541a6e7853', 3, 29, 'incoming', 'text', 'Müşteriden gelen test mesajı 15', '2026-03-08 08:14:42', '{\"id\": \"wamid.6b6ed8be035544119979b7541a6e7853\", \"note\": \"seeded_mock_data\"}'),
(576, 'wamid.bfe1f9d5ad69490682b744feb66282c0', 3, 29, 'outgoing', 'text', 'Sistemden giden otomatik yanıt 16', '2026-03-08 08:31:42', '{\"id\": \"wamid.bfe1f9d5ad69490682b744feb66282c0\", \"note\": \"seeded_mock_data\"}'),
(577, 'wamid.b0f78a4d1b5e434c89633a5b1f633713', 3, 29, 'incoming', 'text', 'Müşteriden gelen test mesajı 17', '2026-03-08 08:44:42', '{\"id\": \"wamid.b0f78a4d1b5e434c89633a5b1f633713\", \"note\": \"seeded_mock_data\"}'),
(578, 'wamid.b38f901590c6462ba05d33790e218cad', 3, 29, 'outgoing', 'text', 'Sistemden giden otomatik yanıt 18', '2026-03-08 09:41:42', '{\"id\": \"wamid.b38f901590c6462ba05d33790e218cad\", \"note\": \"seeded_mock_data\"}'),
(579, 'wamid.07158e76e4d6494fb7ee69a8eef2bb34', 3, 29, 'incoming', 'text', 'Müşteriden gelen test mesajı 19', '2026-03-08 09:42:42', '{\"id\": \"wamid.07158e76e4d6494fb7ee69a8eef2bb34\", \"note\": \"seeded_mock_data\"}'),
(580, 'wamid.faec73bf5127483b87865abbda3de01c', 3, 29, 'outgoing', 'text', 'Sistemden giden otomatik yanıt 20', '2026-03-08 10:11:42', '{\"id\": \"wamid.faec73bf5127483b87865abbda3de01c\", \"note\": \"seeded_mock_data\"}'),
(581, 'wamid.19a22bf727464259a88adde81475a3a7', 3, 30, 'incoming', 'text', 'Merhaba, sipariş vermek istiyorum.', '2026-03-08 01:32:42', '{\"id\": \"wamid.19a22bf727464259a88adde81475a3a7\", \"note\": \"seeded_mock_data\"}'),
(582, 'wamid.f063dcd94cda448aa0aa7010eeea8f10', 3, 30, 'outgoing', 'button', 'Siparişinizi onaylıyor musunuz? (Onayla / Reddet)', '2026-03-08 01:39:42', '{\"id\": \"wamid.f063dcd94cda448aa0aa7010eeea8f10\", \"note\": \"seeded_mock_data\"}'),
(583, 'wamid.06c6a4747a974e5ba6b79b776a4694d7', 3, 30, 'incoming', 'button', 'Onayla', '2026-03-08 02:17:42', '{\"id\": \"wamid.06c6a4747a974e5ba6b79b776a4694d7\", \"note\": \"seeded_mock_data\"}'),
(584, 'wamid.d43cec4715f646c09471823d6baa36ce', 3, 30, 'outgoing', 'text', 'Siparişiniz başarıyla onaylanmıştır! ✅ Siparişiniz kargoya verildiğinde size bilgilendirme mesajı ileteceğiz.', '2026-03-08 03:12:42', '{\"id\": \"wamid.d43cec4715f646c09471823d6baa36ce\", \"note\": \"seeded_mock_data\"}'),
(585, 'wamid.990388d5279346349098eebd21db8704', 3, 30, 'incoming', 'button', 'Reddet', '2026-03-08 03:32:42', '{\"id\": \"wamid.990388d5279346349098eebd21db8704\", \"note\": \"seeded_mock_data\"}'),
(586, 'wamid.fcf7f07c63994408b6bed51af5ed2b02', 3, 30, 'outgoing', 'text', 'Siparişiniz reddedilmiş ve iptal edilmiştir. Bizimle iletişime geçtiğiniz için teşekkürler.', '2026-03-08 03:59:42', '{\"id\": \"wamid.fcf7f07c63994408b6bed51af5ed2b02\", \"note\": \"seeded_mock_data\"}'),
(587, 'wamid.eaed352285384c949409b51250443559', 3, 30, 'incoming', 'text', 'Adresimi değiştirmek istiyorum.', '2026-03-08 04:19:42', '{\"id\": \"wamid.eaed352285384c949409b51250443559\", \"note\": \"seeded_mock_data\"}'),
(588, 'wamid.f3db339f233241c19ff1fc2417481944', 3, 30, 'outgoing', 'text', 'Yeni adresinizi lütfen açık bir şekilde yazınız (AI Destekli Yanıt).', '2026-03-08 04:20:42', '{\"id\": \"wamid.f3db339f233241c19ff1fc2417481944\", \"note\": \"seeded_mock_data\"}'),
(589, 'wamid.4ca30f6d830149c1ada0bcbbc121d0fe', 3, 30, 'incoming', 'text', 'Müşteriden gelen test mesajı 9', '2026-03-08 04:28:42', '{\"id\": \"wamid.4ca30f6d830149c1ada0bcbbc121d0fe\", \"note\": \"seeded_mock_data\"}'),
(590, 'wamid.c6fcb8a74860486cbcb50b7e937977cb', 3, 30, 'outgoing', 'text', 'Sistemden giden otomatik yanıt 10', '2026-03-08 05:22:42', '{\"id\": \"wamid.c6fcb8a74860486cbcb50b7e937977cb\", \"note\": \"seeded_mock_data\"}'),
(591, 'wamid.d6d0aa995f3d4bf2ba0674776add4bb2', 3, 30, 'incoming', 'text', 'Müşteriden gelen test mesajı 11', '2026-03-08 06:07:42', '{\"id\": \"wamid.d6d0aa995f3d4bf2ba0674776add4bb2\", \"note\": \"seeded_mock_data\"}'),
(592, 'wamid.8f1936cb9a8146c8b5b4ab34a10b79c0', 3, 30, 'outgoing', 'text', 'Sistemden giden otomatik yanıt 12', '2026-03-08 07:01:42', '{\"id\": \"wamid.8f1936cb9a8146c8b5b4ab34a10b79c0\", \"note\": \"seeded_mock_data\"}'),
(593, 'wamid.dc16493fc30c45f99cf52c1842405ef7', 3, 30, 'incoming', 'text', 'Müşteriden gelen test mesajı 13', '2026-03-08 07:57:42', '{\"id\": \"wamid.dc16493fc30c45f99cf52c1842405ef7\", \"note\": \"seeded_mock_data\"}'),
(594, 'wamid.f042f619ce7c4a9bbb2c40df633f4711', 3, 30, 'outgoing', 'text', 'Sistemden giden otomatik yanıt 14', '2026-03-08 08:42:42', '{\"id\": \"wamid.f042f619ce7c4a9bbb2c40df633f4711\", \"note\": \"seeded_mock_data\"}'),
(595, 'wamid.2f83bfc72c6d486b948f89d9bad821cd', 3, 30, 'incoming', 'text', 'Müşteriden gelen test mesajı 15', '2026-03-08 09:22:42', '{\"id\": \"wamid.2f83bfc72c6d486b948f89d9bad821cd\", \"note\": \"seeded_mock_data\"}'),
(596, 'wamid.ddc447b169424e8795261658b7c8530c', 3, 30, 'outgoing', 'text', 'Sistemden giden otomatik yanıt 16', '2026-03-08 09:37:42', '{\"id\": \"wamid.ddc447b169424e8795261658b7c8530c\", \"note\": \"seeded_mock_data\"}'),
(597, 'wamid.6054016cac25408e8a9131fb9d9f621e', 3, 30, 'incoming', 'text', 'Müşteriden gelen test mesajı 17', '2026-03-08 10:14:42', '{\"id\": \"wamid.6054016cac25408e8a9131fb9d9f621e\", \"note\": \"seeded_mock_data\"}'),
(598, 'wamid.d3b07acccede4f0d872c7d4058b86b2f', 3, 30, 'outgoing', 'text', 'Sistemden giden otomatik yanıt 18', '2026-03-08 10:33:42', '{\"id\": \"wamid.d3b07acccede4f0d872c7d4058b86b2f\", \"note\": \"seeded_mock_data\"}'),
(599, 'wamid.1bcf6fb9d8a945f9a005c659cb86aef6', 3, 30, 'incoming', 'text', 'Müşteriden gelen test mesajı 19', '2026-03-08 11:11:42', '{\"id\": \"wamid.1bcf6fb9d8a945f9a005c659cb86aef6\", \"note\": \"seeded_mock_data\"}'),
(600, 'wamid.23ec3a4c9abd48b38cf30e3b878583c9', 3, 30, 'outgoing', 'text', 'Sistemden giden otomatik yanıt 20', '2026-03-08 11:33:42', '{\"id\": \"wamid.23ec3a4c9abd48b38cf30e3b878583c9\", \"note\": \"seeded_mock_data\"}'),
(601, 'wamid.HBgMOTA1NTI5MjQzOTkyFQIAEhgUM0E2RDQzOEE2QTAxOTI2RTE5MDcA', 1, 31, 'incoming', 'text', 'Selam bebiş', '2026-03-12 00:00:10', '{}'),
(602, 'wamid_out_genel_26033', 1, 31, 'outgoing', 'text', 'Selam! Size nasıl yardımcı olabilirim?', '2026-03-12 00:00:18', '{}'),
(603, 'undefined', 1, 32, 'outgoing', 'template', 'Otomatik Sipariş Onay Mesajı Gönderildi.', '2026-03-12 00:08:31', '{\"note\": \"otomatik_ilk_mesaj\"}'),
(605, 'wamid.HBgMOTA1NDEzNTYyNDEzFQIAEhggQUMwMzRCOTc3MDgyQjk5NkQ1Rjg0MjFBQUE3QTQ0RkYA', 1, 33, 'incoming', 'button', 'Onayla', '2026-03-12 01:43:17', '{}'),
(606, 'wamid_out_genel_26148', 1, 33, 'outgoing', 'text', 'Bu isteği onaylamakla ilgili bir süreç var mı? Lütfen daha fazla detay verirsen yardımcı olayım.', '2026-03-12 01:43:21', '{}'),
(615, 'wamid.HBgMOTA1NDEzNTYyNDEzFQIAEhggQUM4Q0RFMzVFQThGQzNGOEIyNDI5NjgwODgxRDkxMEMA', 1, 33, 'incoming', 'button', 'Onayla', '2026-03-12 01:51:19', '{}'),
(616, 'wamid_out_genel_26182', 1, 33, 'outgoing', 'text', 'Talebinizi yetkili birime ilettim. En kısa sürede size dönüş yapılacaktır.', '2026-03-12 01:51:23', '{}'),
(620, 'wamid.HBgMOTA1NDEzNTYyNDEzFQIAEhggQUNCNzc2ODAyMkFBMTI5NEE3OEQ0MzhCMjZBNjYyRTcA', 1, 33, 'incoming', 'button', 'Onayla', '2026-03-12 01:53:39', '{}'),
(621, 'wamid_out_genel_26196', 1, 33, 'outgoing', 'text', 'Talebinizi yetkili birime ilettim. En kısa sürede size dönüş yapılacaktır.', '2026-03-12 01:53:44', '{}'),
(1103, 'wamid.HBgMOTA1NDEzNTYyNDEzFQIAEhggQUNDODMyRDg1MUE2RjAyRkY2OTE2QjFDNEVGRkRCMUEA', 1, 33, 'incoming', 'button', 'İptal Et', '2026-03-12 09:54:43', '{}'),
(1104, 'wamid_out_genel_28122', 1, 33, 'outgoing', 'text', 'Talebinizi yetkili birime ilettim. En kısa sürede size dönüş yapılacaktır.', '2026-03-12 09:54:49', '{}'),
(1124, 'wamid.HBgMOTA1NDEzNTYyNDEzFQIAEhggQUNFNURGQTQ5ODRERjFERUJGNTJFNEQ2MzVBODExNjYA', 1, 33, 'incoming', 'button', 'İptal Et', '2026-03-12 10:13:44', '{}'),
(1125, 'wamid_out_genel_28194', 1, 33, 'outgoing', 'text', 'Talebinizi yetkili birime ilettim. En kısa sürede size dönüş yapılacaktır.', '2026-03-12 10:13:50', '{}'),
(1127, 'wamid.HBgMOTA1NDEzNTYyNDEzFQIAEhggQUM1RUU3NDk4MEVFODJBOUFERTQxNDNDRUFCRjUyOTAA', 1, 33, 'incoming', 'button', 'İptal Et', '2026-03-12 10:14:44', '{}'),
(1128, 'wamid_out_genel_28201', 1, 33, 'outgoing', 'text', 'Talebinizi yetkili birime ilettim. En kısa sürede size dönüş yapılacaktır.', '2026-03-12 10:14:50', '{}'),
(1130, 'wamid.HBgMOTA1NDEzNTYyNDEzFQIAEhggQUMyQUI5MTg2MjBDMjZGMkU0NjVFOTM2Nzc0RkM0NDQA', 1, 33, 'incoming', 'button', 'İptal Et', '2026-03-12 10:15:58', '{}'),
(1131, 'wamid_out_genel_28208', 1, 33, 'outgoing', 'text', 'Talebinizi yetkili birime ilettim. En kısa sürede size dönüş yapılacaktır.', '2026-03-12 10:16:02', '{}'),
(1134, 'wamid.HBgMOTA1NDEzNTYyNDEzFQIAEhggQUM4Q0IyODUzQkFBRkZGQzUzRDVGNTdFODEzNjk3NzIA', 1, 33, 'incoming', 'text', 'Ürünü iptal ediyorum aynı mesajı 100 defa gönderiyorsunuz', '2026-03-12 10:18:19', '{}'),
(1135, 'wamid.HBgMOTA1NDEzNTYyNDEzFQIAEhggQUMxMjJGMzY2NjI5MjQwRkIwNzdBOTgzQkU2MTQwRDMA', 1, 33, 'incoming', 'button', 'İptal Et', '2026-03-12 10:18:22', '{}'),
(1136, 'wamid_out_genel_28218', 1, 33, 'outgoing', 'text', 'Talebinizi yetkili birime ilettim. En kısa sürede size dönüş yapılacaktır.', '2026-03-12 10:18:23', '{}'),
(1137, 'wamid_out_genel_28219', 1, 33, 'outgoing', 'text', 'Talebinizi yetkili birime ilettim. En kısa sürede size dönüş yapılacaktır.', '2026-03-12 10:18:24', '{}'),
(1139, 'wamid.HBgMOTA1NDEzNTYyNDEzFQIAEhggQUM0REJCNzQ4Q0JGNEU5QTE3MDJFMDRFMkQ3Qjg3MEEA', 1, 33, 'incoming', 'button', 'İptal Et', '2026-03-12 10:18:42', '{}'),
(1140, 'wamid_out_genel_28227', 1, 33, 'outgoing', 'text', 'Talebinizi yetkili birime ilettim. En kısa sürede size dönüş yapılacaktır.', '2026-03-12 10:18:47', '{}'),
(1146, 'wamid.HBgMOTA1NDEzNTYyNDEzFQIAEhggQUMyQzY1M0MwNkJFM0MwOTc4ODdDMzgzODdGMDZCQTYA', 1, 33, 'incoming', 'text', 'Ya arkadaş siz şakamısınız aynı mesajı yollayıp yollayıp duruyrsunuz sonu çok kötü haber', '2026-03-12 10:24:07', '{}'),
(1147, 'wamid_out_genel_28245', 1, 33, 'outgoing', 'text', 'Talebinizi yetkili birime ilettim. En kısa sürede size dönüş yapılacaktır.', '2026-03-12 10:24:11', '{}'),
(1170, 'wamid.HBgMOTA1MzU4MzM5MzY0FQIAEhggQUNGRkQ4MDhCNDZERDdCMzMzRTVFMzQyNUNEMjFDQjUA', 1, 588, 'incoming', 'text', 'Kargom verildimi', '2026-03-12 10:46:22', '{}'),
(1171, 'wamid_out_genel_28307', 1, 588, 'outgoing', 'text', 'Talebinizi yetkili birime ilettim. En kısa sürede size dönüş yapılacaktır.', '2026-03-12 10:46:27', '{}'),
(1189, 'wamid.HBgMOTA1NDI2MDMyOTE0FQIAEhggQUM1MTM4RjMzMUNFMUZEOTZEQjU3RkE4MEY1RkI4NkUA', 1, 609, 'incoming', 'button', 'Onayla', '2026-03-12 11:05:15', '{}'),
(1190, 'wamid_out_genel_28366', 1, 609, 'outgoing', 'text', 'Talebinizi yetkili birime ilettim. En kısa sürede size dönüş yapılacaktır.\n\n------------------\n📦 *Hatırlatma:* 3999.00 TL tutarındaki siparişiniz onay beklemektedir.\n\n    🛒 *Sipariş İçeriğiniz:*\n🔹 *1 Adet* - Katlanabilir Kamp Mangalı Seti — Mangal & Ocak Bir Arada + Katlanabilir Masa Hediyeli\n\nSiparişinizi işleme alabilmemiz için lütfen yukarıdaki mesajımızda bulunan *Onayla* veya *İptal Et* butonlarını kullanınız.', '2026-03-12 11:05:21', '{}'),
(1191, 'wamid.HBgMOTA1NDU2MTE1NzIxFQIAEhgUM0EyNTc2QUNEMDk0NkE5ODNBMDYA', 1, 612, 'incoming', 'button', 'Onayla', '2026-03-12 11:07:09', '{}'),
(1192, 'wamid_out_genel_28373', 1, 612, 'outgoing', 'text', 'Talebinizi yetkili birime ilettim. En kısa sürede size dönüş yapılacaktır.\n\n------------------\n📦 *Hatırlatma:* 2299.00 TL tutarındaki siparişiniz onay beklemektedir.\n\n    🛒 *Sipariş İçeriğiniz:*\n🔹 *1 Adet* - Katlanabilir Ahtapot Kurutmalık — Yer Kaplamayan Pratik Çamaşır Askılığı\n\nSiparişinizi işleme alabilmemiz için lütfen yukarıdaki mesajımızda bulunan *Onayla* veya *İptal Et* butonlarını kullanınız.', '2026-03-12 11:07:16', '{}'),
(1193, 'wamid.HBgMOTA1NDE5MTgzNzE2FQIAEhgUM0FDNjE3OEI3RjVDMEQxNUYxNjQA', 1, 614, 'incoming', 'text', 'Merhaba', '2026-03-12 11:27:58', '{}'),
(1194, 'wamid_out_genel_28404', 1, 614, 'outgoing', 'text', 'Merhaba! Size nasıl yardımcı olabilirim?\n\n------------------\n📦 *Hatırlatma:* 3999.00 TL tutarındaki siparişiniz onay beklemektedir.\n\n    🛒 *Sipariş İçeriğiniz:*\n🔹 *1 Adet* - Katlanabilir Kamp Mangalı Seti — Mangal & Ocak Bir Arada + Katlanabilir Masa Hediyeli\n\nSiparişinizi işleme alabilmemiz için lütfen yukarıdaki mesajımızda bulunan *Onayla* veya *İptal Et* butonlarını kullanınız.', '2026-03-12 11:28:01', '{}'),
(1195, 'wamid.HBgMOTA1NDE5MTgzNzE2FQIAEhgUM0E3MkQ3RUJGREY0RTlENzgyMDEA', 1, 614, 'incoming', 'button', 'İptal Et', '2026-03-12 11:28:33', '{}'),
(1196, 'wamid_out_genel_28408', 1, 614, 'outgoing', 'text', 'Talebinizi yetkili birime ilettim. En kısa sürede size dönüş yapılacaktır.\n\n------------------\n📦 *Hatırlatma:* 3999.00 TL tutarındaki siparişiniz onay beklemektedir.\n\n    🛒 *Sipariş İçeriğiniz:*\n🔹 *1 Adet* - Katlanabilir Kamp Mangalı Seti — Mangal & Ocak Bir Arada + Katlanabilir Masa Hediyeli\n\nSiparişinizi işleme alabilmemiz için lütfen yukarıdaki mesajımızda bulunan *Onayla* veya *İptal Et* butonlarını kullanınız.', '2026-03-12 11:28:39', '{}'),
(1197, 'wamid.HBgMOTA1NDE5MTgzNzE2FQIAEhgUM0E4Q0NENEE2MDA1MzYxODdBMjIA', 1, 614, 'incoming', 'text', 'Bu siparişimi şimdilik iptal ediyorum çünkü acil şehir dışına çıkmam gerekiyor döndükten sonra yine arayacağım sizi iyi günler', '2026-03-12 11:28:49', '{}'),
(1198, 'wamid_out_genel_28414', 1, 614, 'outgoing', 'text', 'Talebinizi yetkili birime ilettim. En kısa sürede size dönüş yapılacaktır. İyi günler!\n\n------------------\n📦 *Hatırlatma:* 3999.00 TL tutarındaki siparişiniz onay beklemektedir.\n\n    🛒 *Sipariş İçeriğiniz:*\n🔹 *1 Adet* - Katlanabilir Kamp Mangalı Seti — Mangal & Ocak Bir Arada + Katlanabilir Masa Hediyeli\n\nSiparişinizi işleme alabilmemiz için lütfen yukarıdaki mesajımızda bulunan *Onayla* veya *İptal Et* butonlarını kullanınız.', '2026-03-12 11:28:53', '{}'),
(1199, 'wamid.HBgMOTA1NDIyMzgwNTEyFQIAEhggQUM5Njc5OTUzMjlFOEYxNDg4Mjg4QzlGRDM5MjY0NzIA', 1, 611, 'incoming', 'text', 'PTT kargo ile gelsin', '2026-03-12 11:38:40', '{}'),
(1200, 'wamid_out_genel_28431', 1, 611, 'outgoing', 'text', 'Talebinizi yetkili birime ilettim. En kısa sürede size dönüş yapılacaktır.\n\n------------------\n📦 *Hatırlatma:* 1599.00 TL tutarındaki siparişiniz onay beklemektedir.\n\n    🛒 *Sipariş İçeriğiniz:*\n🔹 *1 Adet* - Elysora Lodos Fan Led 62w Kumandalı Işıklı Vantilatör\n\nSiparişinizi işleme alabilmemiz için lütfen yukarıdaki mesajımızda bulunan *Onayla* veya *İptal Et* butonlarını kullanınız.', '2026-03-12 11:38:49', '{}'),
(1201, 'wamid.HBgMOTA1NDIyMzgwNTEyFQIAEhggQUM0OUUxNkMyRDk2N0Q0QTBGMkQ3RjdCNEYxRDJGQkEA', 1, 611, 'incoming', 'text', 'Birde kontrol', '2026-03-12 11:39:01', '{}'),
(1202, 'wamid_out_genel_28436', 1, 611, 'outgoing', 'text', 'Ürün hakkında kontrol yaptım, işte detaylar:\n\n**Ürün:** Elysora Lodos Fan Led 62w Kumandalı Işıklı Vantilatör  \n**Fiyat:** 1599,00 TL  \n**Özellikler:**\n- 62W LED aydınlatma + fan birlikte\n- Kumandalı kullanım\n- E27 / E26 duy uyumlu\n- Sessiz fan teknolojisi\n- Kolay kurulum\n- Yer kaplamayan kompakt tasarım\n\n![Elysora Lodos Fan](https://cdn.shopify.com/s/files/1/0783/4733/7978/files/1_org_zoom-2026-02-21T124300.071.jpg?v=1771667191)\n\nDaha fazla bilgi veya satın alma işlemi için [buraya tıklayabilirsiniz](https://ely-sora.com/products/elysora-lodos-fan-led-62w-kumandali-isikli-vantilator?variant=48357861916922). \n\nBaşka bir konuda yardımcı olabilir miyim?\n\n------------------\n📦 *Hatırlatma:* 1599.00 TL tutarındaki siparişiniz onay beklemektedir.\n\n    🛒 *Sipariş İçeriğiniz:*\n🔹 *1 Adet* - Elysora Lodos Fan Led 62w Kumandalı Işıklı Vantilatör\n\nSiparişinizi işleme alabilmemiz için lütfen yukarıdaki mesajımızda bulunan *Onayla* veya *İptal Et* butonlarını kullanınız.', '2026-03-12 11:39:10', '{}'),
(1203, 'wamid.HBgMOTA1NDIyMzgwNTEyFQIAEhggQUM2MEEyQUU4MjdFMTYzOEY1QTJCMzk5MzY1M0I4N0YA', 1, 611, 'incoming', 'button', 'İptal Et', '2026-03-12 11:39:28', '{}'),
(1204, 'wamid_out_genel_28440', 1, 611, 'outgoing', 'text', 'Talebinizi yetkili birime ilettim. En kısa sürede size dönüş yapılacaktır.\n\n------------------\n📦 *Hatırlatma:* 1599.00 TL tutarındaki siparişiniz onay beklemektedir.\n\n    🛒 *Sipariş İçeriğiniz:*\n🔹 *1 Adet* - Elysora Lodos Fan Led 62w Kumandalı Işıklı Vantilatör\n\nSiparişinizi işleme alabilmemiz için lütfen yukarıdaki mesajımızda bulunan *Onayla* veya *İptal Et* butonlarını kullanınız.', '2026-03-12 11:39:33', '{}'),
(1205, 'wamid.HBgMOTA1NDQ3NDY3ODI1FQIAEhggQUM0QUNERDZFMEU4OTIzQjlCMUJGRTA4MTIzN0JBNEUA', 1, 610, 'incoming', 'button', 'Onayla', '2026-03-12 12:20:49', '{}'),
(1206, 'wamid_out_genel_28491', 1, 610, 'outgoing', 'text', 'Onaylıyorum! \n\n**Ürün:** Elysora Roma Brew – Filtre Kahve Demleme Seti  \n**Fiyat:** 1299.00 TL  \n**Açıklama:**  \n- Barista kalitesinde filtrasyon sağlar.  \n- Sıcaklık ve demleme süresi kontrolü.  \n- Zengin aroma ve şık tasarım.  \n\n**Set İçeriği:** Profesyonel demleme ekipmanı ile evde kahvehane deneyimi sunar.  \n**Teslimat:** Hızlı kargo ile kapınıza teslim.\n\nDaha fazla bilgi için [buraya tıklayarak](https://ely-sora.com/products/elysora-roma-brew-filtre-kahve-demleme-seti?variant=48163615211770) ulaşabilirsiniz. \n\nBaşka bir konuda yardımcı olabilir miyim?\n\n------------------\n📦 *Hatırlatma:* 1299.00 TL tutarındaki siparişiniz onay beklemektedir.\n\n    🛒 *Sipariş İçeriğiniz:*\n🔹 *1 Adet* - Elysora Roma Brew – Filtre Kahve Demleme Seti\n\nSiparişinizi işleme alabilmemiz için lütfen yukarıdaki mesajımızda bulunan *Onayla* veya *İptal Et* butonlarını kullanınız.', '2026-03-12 12:20:57', '{}'),
(1207, 'wamid.HBgMOTA1MzAyNjE1Mzc3FQIAEhgUM0FCNDJBMzNCOUU3NTZEMUQ3QjEA', 1, 627, 'incoming', 'text', 'Elımı ulaştı ürün', '2026-03-12 12:26:57', '{}'),
(1208, 'wamid_out_genel_28501', 1, 627, 'outgoing', 'text', 'Talebinizi yetkili birime ilettim. En kısa sürede size dönüş yapılacaktır.', '2026-03-12 12:27:02', '{}'),
(1209, 'wamid.HBgMOTA1MzAyNjE1Mzc3FQIAEhgUM0EwNzdCQzU1MzBCMjY1MzU1OUYA', 1, 627, 'incoming', 'text', 'Bunun kullanım şekıldı nasıl olacak', '2026-03-12 12:27:07', '{}'),
(1210, 'wamid.HBgMOTA1MzAyNjE1Mzc3FQIAEhgUM0EwMDFEMjZDNEI1Mzk1NDg3RUEA', 1, 627, 'incoming', 'text', 'Ordamısınız', '2026-03-12 12:55:20', '{}'),
(1211, 'wamid.HBgMOTA1MzAyNjE1Mzc3FQIAEhgUM0FCMUY1MUNDNzUzNjgwMjBBNjEA', 1, 627, 'incoming', 'text', 'Resmını gönderdım bu zayıflama', '2026-03-12 13:00:36', '{}'),
(1212, 'wamid.HBgMOTA1MzAyNjE1Mzc3FQIAEhgUM0E0OUQ1REYzMDI0Q0MxNjRCMkQA', 1, 627, 'incoming', 'text', 'Sızden aldım.', '2026-03-12 13:00:41', '{}');
INSERT INTO `messages` (`id`, `message_id`, `user_id`, `contact_id`, `direction`, `type`, `content`, `timestamp`, `raw_data`) VALUES
(1213, 'wamid_out_genel_28553', 1, 627, 'outgoing', 'text', 'Ürün bilgileri şu şekilde:\n\n**Ürün Adı:** Slimming Patch – Sertifikalı Zayıflama Bandı (Sağlık Bakanlığı Onaylı)  \n**Açıklama:** Zayıflama sürecini desteklemek için geliştirilmiş pratik bant. Cilde yapıştırılarak günlük rutine kolayca uyum sağlar. Spor ve dengeli beslenme ile birlikte kullanıma uygundur. Memnun kalmamanız durumunda iade garantisi sunulmaktadır.  \n**Fiyat:** 999,00 TL  \n**Ürün Linki:** [Slimming Patch](https://nzch60-hw.myshopify.com/products/slimming-patch-sertifikali-zayiflama-bandi-saglik-bakanligi-onayli) \n\nHerhangi bir sorunuz olursa sormaktan çekinmeyin!', '2026-03-12 13:00:52', '{}'),
(1214, 'wamid_out_genel_28556', 1, 627, 'outgoing', 'text', 'Ürün bilgilerine şu an ulaşamadım. Lütfen ürünün adını ya da ürünle ilgili diğer detayları paylaşın, böylece size yardımcı olabilirim.', '2026-03-12 13:00:52', '{}'),
(1215, 'wamid.HBgMOTA1MzAyNjE1Mzc3FQIAEhgUM0E1NUMzN0M0REUxM0NDNTUwM0UA', 1, 627, 'incoming', 'text', 'Adresiniz başarıyla güncellendi:\n\n**Yeni Adres:**  \nİstanbul Anadolu yakası. Maltepe Zümrütevler mahallesi inanç sokak no29 Ravza apartman kat ıkı Dayre 6\n\nHerhangi bir başka konuda yardımcı olmamı ister misiniz?\n\n------------------\n📦 *Hatırlatma:* 999.00 TL tutarındaki siparişiniz onay beklemektedir.\n\n    🛒 *Sipariş İçeriğiniz:*\n🔹 *1 Adet* - Slimming Patch – Sertifikalı Zayıflama Bandı (Sağlık Bakanlığı Onaylı)\n\nSiparişinizi işleme alabilmemiz için lütfen yukarıdaki mesajımızda bulunan *Onayla* veya *İptal Et* butonlarını kullanınız.', '2026-03-12 13:00:58', '{}'),
(1216, 'wamid_out_genel_28564', 1, 627, 'outgoing', 'text', 'Adresiniz başarıyla güncellendi. Herhangi bir başka konuda yardımcı olmamı ister misiniz?\n\nAyrıca, siparişinizin onay beklediğini hatırlatmak isterim. Siparişinizi işleme alabilmemiz için lütfen *Onayla* veya *İptal Et* butonlarını kullanın. \n\nBir sorun bulunursa, yetkili birime ileteceğim. Teşekkürler!', '2026-03-12 13:01:10', '{}'),
(1217, 'wamid.HBgMOTA1MzAyNjE1Mzc3FQIAEhgUM0FFMkQzNTdDNDMyNzBCQkYwRDcA', 1, 627, 'incoming', 'text', 'Slimming parça', '2026-03-12 13:01:25', '{}'),
(1218, 'wamid.HBgMOTA1MzAyNjE1Mzc3FQIAEhgUM0FDN0E3RTkxMzIxRjY3QjRCRDAA', 1, 627, 'incoming', 'text', 'Ürün.', '2026-03-12 13:01:30', '{}'),
(1219, 'wamid_out_genel_28572', 1, 627, 'outgoing', 'text', '**Ürün Adı:** Slimming Patch – Sertifikalı Zayıflama Bandı (Sağlık Bakanlığı Onaylı)  \n**Fiyat:** 999,00 TL  \n**Açıklama:** Slimming Patch, zayıflama sürecini desteklemek için geliştirilmiş, sertifikalı ve Sağlık Bakanlığı onaylı bir üründür. Cilde yapıştırılarak kullanılır ve günlük yaşamı bölmeden uygulanabilir. Düzenli kullanımda sağlıklı yaşam hedeflerine odaklanmayı destekler. Spor ve dengeli beslenme ile birlikte kullanıma uygundur. Memnun kalmamanız durumunda iade garantisi sunulmaktadır.  \n**Ürün Linki:** [Slimming Patch](https://nzch60-hw.myshopify.com/products/slimming-patch-sertifikali-zayiflama-bandi-saglik-bakanligi-onayli)\n\nBaşka bir sorunuz olursa yardımcı olmaktan memnuniyet duyarım!', '2026-03-12 13:01:42', '{}'),
(1220, 'wamid_out_genel_28570', 1, 627, 'outgoing', 'text', '**Slimming Patch – Sertifikalı Zayıflama Bandı (Sağlık Bakanlığı Onaylı)**\n\n**Açıklama:**  \nSlimming Patch, zayıflama sürecini desteklemek isteyenler için geliştirilmiş, sertifikalı ve Sağlık Bakanlığı onaylı bir üründür. Cilde yapıştırılan bant formuyla pratik ve zahmetsiz kullanım sağlar. Günlük yaşamı bölmeden uygulanabilir ve spor ile dengeli beslenme ile birlikte kullanıma uygundur. Ürün güvenli içerik standartlarına uygundur ve memnun kalınmaması durumunda iade garantisi sunulmaktadır.\n\n**Fiyat:** 999,00 TL  \n**Ürün Linki:** [Slimming Patch](https://nzch60-hw.myshopify.com/products/slimming-patch-sertifikali-zayiflama-bandi-saglik-bakanligi-onayli)\n\nBaşka bir konuda yardımcı olmamı ister misiniz?', '2026-03-12 13:01:43', '{}'),
(1221, 'wamid.HBgMOTA1MzA5NDQzODI5FQIAEhgUM0FGNjU4REE0RDk1MUQ3N0FEMjMA', 1, 636, 'incoming', 'button', 'Onayla', '2026-03-12 13:08:31', '{}'),
(1222, 'wamid_out_genel_28588', 1, 636, 'outgoing', 'text', 'Talebinizi yetkili birime ilettim. En kısa sürede size dönüş yapılacaktır.\n\n------------------\n📦 *Hatırlatma:* 1599.00 TL tutarındaki siparişiniz onay beklemektedir.\n\n    🛒 *Sipariş İçeriğiniz:*\n🔹 *1 Adet* - Elysora Lodos Fan Led 62w Kumandalı Işıklı Vantilatör\n\nSiparişinizi işleme alabilmemiz için lütfen yukarıdaki mesajımızda bulunan *Onayla* veya *İptal Et* butonlarını kullanınız.', '2026-03-12 13:08:39', '{}'),
(1223, 'wamid.HBgMOTA1MzgyMzc3NTIxFQIAEhgUM0FEQzlBRDBFRTI5REQyREVFQ0UA', 1, 637, 'incoming', 'text', 'Merhaba iade için bana dönüş yapılmadı', '2026-03-12 13:17:51', '{}'),
(1224, 'wamid_out_genel_28604', 1, 637, 'outgoing', 'text', 'Talebinizi yetkili birime ilettim. En kısa sürede size dönüş yapılacaktır.', '2026-03-12 13:17:56', '{}'),
(1225, 'wamid.HBgMOTA1Mzc2ODQ4MTE2FQIAEhggQUMyQTUxQTIwQjk2RkUyRThEQkVGMDBBNkU4RTI4MjYA', 1, 640, 'incoming', 'button', 'Onayla', '2026-03-12 13:32:12', '{}'),
(1226, 'wamid_out_genel_28634', 1, 640, 'outgoing', 'text', 'Talebinizi yetkili birime ilettim. En kısa sürede size dönüş yapılacaktır.\n\n------------------\n📦 *Hatırlatma:* 3999.00 TL tutarındaki siparişiniz onay beklemektedir.\n\n    🛒 *Sipariş İçeriğiniz:*\n🔹 *1 Adet* - Katlanabilir Kamp Mangalı Seti — Mangal & Ocak Bir Arada + Katlanabilir Masa Hediyeli\n\nSiparişinizi işleme alabilmemiz için lütfen yukarıdaki mesajımızda bulunan *Onayla* veya *İptal Et* butonlarını kullanınız.', '2026-03-12 13:32:19', '{}'),
(1227, 'wamid.HBgMOTA1MzU5NTM5MDA4FQIAEhggQUM2NUFCMDM0QUJCNERFNEVDOEVGNDUxMTZDM0UyQjYA', 1, 639, 'incoming', 'button', 'Onayla', '2026-03-12 13:59:35', '{}'),
(1228, 'wamid_out_genel_28669', 1, 639, 'outgoing', 'text', '**Elysora Lodos Fan Led 62w Kumandalı Işıklı Vantilatör** hakkında bilgi vermek isterim:\n\n- **Ürün Özellikleri:**\n  - Hem aydınlatma hem serinlik sağlayan 62W LED\n  - Kumandalı kullanım imkanı\n  - E27/E26 duy uyumlu, kolay montaj\n  - Sessiz fan teknolojisi\n  - Kolay kurulum — sadece 2 adımda kullanıma hazır\n  - Yer kaplamayan kompakt tasarım\n\n- **Fiyat:** 1599,00 TL (İndirimli fiyat: 2250,00 TL)\n\n![Vantilatör](https://cdn.shopify.com/s/files/1/0783/4733/7978/files/1_org_zoom-2026-02-21T124300.071.jpg?v=1771667191)\n\nBu ürünle ilgili daha fazla bilgi veya sipariş vermek isterseniz [buradan ulaşabilirsiniz](https://ely-sora.com/products/elysora-lodos-fan-led-62w-kumandali-isikli-vantilator?variant=48357861916922). \n\nÖdeme yöntemimiz kapıda, kartla veya nakit olarak yapılabilmektedir.\n\n------------------\n📦 *Hatırlatma:* 1599.00 TL tutarındaki siparişiniz onay beklemektedir.\n\n    🛒 *Sipariş İçeriğiniz:*\n🔹 *1 Adet* - Elysora Lodos Fan Led 62w Kumandalı Işıklı Vantilatör\n\nSiparişinizi işleme alabilmemiz için lütfen yukarıdaki mesajımızda bulunan *Onayla* veya *İptal Et* butonlarını kullanınız.', '2026-03-12 13:59:53', '{}'),
(1229, 'wamid.HBgMOTA1MzU5NTM5MDA4FQIAEhggQUM4MjU3RDZDOThFMTI0NzNBNzZENkQxQURCNUMzQ0UA', 1, 639, 'incoming', 'button', 'İptal Et', '2026-03-12 14:01:14', '{}'),
(1230, 'wamid_out_genel_28676', 1, 639, 'outgoing', 'text', 'Talebinizi yetkili birime ilettim. En kısa sürede size dönüş yapılacaktır.\n\n------------------\n📦 *Hatırlatma:* 1599.00 TL tutarındaki siparişiniz onay beklemektedir.\n\n    🛒 *Sipariş İçeriğiniz:*\n🔹 *1 Adet* - Elysora Lodos Fan Led 62w Kumandalı Işıklı Vantilatör\n\nSiparişinizi işleme alabilmemiz için lütfen yukarıdaki mesajımızda bulunan *Onayla* veya *İptal Et* butonlarını kullanınız.', '2026-03-12 14:01:20', '{}'),
(1231, 'wamid.HBgMOTA1MzU1OTkzNzIyFQIAEhgUM0EzNzM1QjU3N0M4RTg4NkExMEEA', 1, 642, 'incoming', 'text', 'Onaylıyorum', '2026-03-12 14:18:49', '{}'),
(1232, 'wamid_out_genel_28700', 1, 642, 'outgoing', 'text', 'Siparişiniz onaylandı. Herhangi bir sorunuz varsa yardımcı olmaktan mutluluk duyarım!\n\n------------------\n📦 *Hatırlatma:* 999.99 TL tutarındaki siparişiniz onay beklemektedir.\n\n    🛒 *Sipariş İçeriğiniz:*\n🔹 *1 Adet* - Elysora Kamp, Yurt ve Seyahatler İçin Pratik Çözüm: Mini Çamaşır Makinesi! Portatif Çamaşır Yıkama Aleti\n\nSiparişinizi işleme alabilmemiz için lütfen yukarıdaki mesajımızda bulunan *Onayla* veya *İptal Et* butonlarını kullanınız.', '2026-03-12 14:18:54', '{}'),
(1233, 'wamid.HBgMOTA1Mzg4NjE3NzA1FQIAEhggQUNFQjNBNzAxNzVDMzVDMjMzREU1OTJFNDIyNzBGMjkA', 1, 649, 'incoming', 'text', 'Hani ne arayan ne soran haram olsun dezgahınız tarumar olsun inşaallah', '2026-03-12 16:14:27', '{}'),
(1234, 'wamid_out_genel_28829', 1, 649, 'outgoing', 'text', 'Talebinizi yetkili birime ilettim. En kısa sürede size dönüş yapılacaktır.', '2026-03-12 16:14:32', '{}'),
(1235, 'wamid.HBgMOTA1Mzg4NjE3NzA1FQIAEhggQUM4QUIyMEM2MDk1QkZGRjJGNzA3M0EyREE4RDUxNUIA', 1, 649, 'incoming', 'text', 'Yalancılar', '2026-03-12 16:14:50', '{}'),
(1236, 'wamid_out_genel_28833', 1, 649, 'outgoing', 'text', 'Talebinizi yetkili birime ilettim. En kısa sürede size dönüş yapılacaktır.', '2026-03-12 16:14:55', '{}'),
(1237, 'wamid.HBgMOTA1MzAyNjE1Mzc3FQIAEhgUM0E5NjQzNENFMjM3RDk0QTlGNkIA', 1, 627, 'incoming', 'text', 'Kullanımı', '2026-03-12 17:18:20', '{}'),
(1238, 'wamid_out_genel_28899', 1, 627, 'outgoing', 'text', 'Ürün hakkında detaylı bilgi bulamadım. Lütfen hangi ürünün kullanımını sorduğunuzu belirtirseniz, daha fazla yardımcı olabilirim.', '2026-03-12 17:18:28', '{}'),
(1239, 'wamid.HBgMOTA1MzAyNjE1Mzc3FQIAEhgUM0FFMUQ5NjhEODMxRTNEQzQ0Q0IA', 1, 627, 'incoming', 'text', 'Zayıflama band', '2026-03-12 17:19:11', '{}'),
(1240, 'wamid_out_genel_28906', 1, 627, 'outgoing', 'text', 'Slimming Patch – Sertifikalı Zayıflama Bandı, zayıflama sürecini desteklemek için geliştirilmiş, Sağlık Bakanlığı onaylı bir üründür. Cilde yapıştırılarak kullanılır ve günlük rutine kolayca uyum sağlar. Spor ve dengeli beslenme ile birlikte kullanılması önerilir. Memnun kalmama durumunda iade garantisi de sunulmaktadır.\n\nFiyatı: **999.00 TL**\n\nDaha fazla bilgi ya da satın almak için [buraya tıklayabilirsiniz](https://nzch60-hw.myshopify.com/products/slimming-patch-sertifikali-zayiflama-bandi-saglik-bakanligi-onayli).', '2026-03-12 17:19:25', '{}'),
(1241, 'wamid.HBgMOTA1MzAyNjE1Mzc3FQIAEhgUM0EzMkM1MjdCMEZCMEZCREYzNUYA', 1, 627, 'incoming', 'text', 'Memnun dıgılim', '2026-03-12 17:19:49', '{}'),
(1242, 'wamid_out_genel_28912', 1, 627, 'outgoing', 'text', 'Talebinizi yetkili birime ilettim. En kısa sürede size dönüş yapılacaktır.', '2026-03-12 17:19:55', '{}'),
(1243, 'wamid.HBgMOTA1MzAyNjE1Mzc3FQIAEhgUM0ExMkM0NTc3QkI0NkNBRDQ5MDcA', 1, 627, 'incoming', 'text', 'Adres lütfen', '2026-03-12 17:21:13', '{}'),
(1244, 'wamid_out_genel_28919', 1, 627, 'outgoing', 'text', 'Yeni adresinizi belirtmediğiniz için güncelleyemiyorum. Lütfen yeni adres bilgilerinizi paylaşın, size yardımcı olayım.', '2026-03-12 17:21:19', '{}'),
(1245, 'wamid.HBgMOTA1MzAyNjE1Mzc3FQIAEhgUM0E0RkE4NDBDNUYwQzA4OUI5NkQA', 1, 627, 'incoming', 'text', 'Gerı ıade yapacam.', '2026-03-12 17:21:25', '{}'),
(1246, 'wamid_out_genel_28924', 1, 627, 'outgoing', 'text', 'Talebinizi yetkili birime ilettim. En kısa sürede size dönüş yapılacaktır.', '2026-03-12 17:21:29', '{}'),
(1247, 'wamid.HBgMOTA1MzAyNjE1Mzc3FQIAEhgUM0E5NUU1ODVDNTRGMjMzNDA1QUYA', 1, 627, 'incoming', 'text', 'Acil', '2026-03-12 17:21:37', '{}'),
(1248, 'wamid_out_genel_28929', 1, 627, 'outgoing', 'text', 'Talebinizi yetkili birime ilettim. En kısa sürede size dönüş yapılacaktır.', '2026-03-12 17:21:40', '{}'),
(1249, 'wamid.HBgMOTA1Mzk4ODI5MjkyFQIAEhgUM0E5QkM4MDRDQkEyMUNCRjRENEUA', 1, 657, 'incoming', 'button', 'Onayla', '2026-03-12 17:23:03', '{}'),
(1250, 'wamid_out_genel_28939', 1, 657, 'outgoing', 'text', 'Talebinizi yetkili birime ilettim. En kısa sürede size dönüş yapılacaktır.\n\n------------------\n📦 *Hatırlatma:* 2299.00 TL tutarındaki siparişiniz onay beklemektedir.\n\n    🛒 *Sipariş İçeriğiniz:*\n🔹 *1 Adet* - Katlanabilir Ahtapot Kurutmalık — Yer Kaplamayan Pratik Çamaşır Askılığı\n\nSiparişinizi işleme alabilmemiz için lütfen yukarıdaki mesajımızda bulunan *Onayla* veya *İptal Et* butonlarını kullanınız.', '2026-03-12 17:23:10', '{}'),
(1251, 'wamid.HBgMOTA1MzAyNjE1Mzc3FQIAEhgUM0FGNUYxRjc3QkNGOTU2RTRDRjgA', 1, 627, 'incoming', 'text', 'Eğer ilhılenmezsın. Ben gereken yerlerı şıkayet edıcem.', '2026-03-12 17:25:04', '{}'),
(1252, 'wamid_out_genel_28946', 1, 627, 'outgoing', 'text', 'Talebinizi yetkili birime ilettim. En kısa sürede size dönüş yapılacaktır.', '2026-03-12 17:25:08', '{}'),
(1253, 'wamid.HBgMOTA1Mzc0Mzk0NDU3FQIAEhggQUNEOUIyRDE1MEExQkZEQTA4QkM4MjU1QkJCQTdEM0UA', 1, 662, 'incoming', 'button', 'Onayla', '2026-03-12 19:48:11', '{}'),
(1254, 'wamid_out_genel_29100', 1, 662, 'outgoing', 'text', 'Talebinizi yetkili birime ilettim. En kısa sürede size dönüş yapılacaktır.\n\n------------------\n📦 *Hatırlatma:* 2299.00 TL tutarındaki siparişiniz onay beklemektedir.\n\n    🛒 *Sipariş İçeriğiniz:*\n🔹 *1 Adet* - Katlanabilir Ahtapot Kurutmalık — Yer Kaplamayan Pratik Çamaşır Askılığı\n\nSiparişinizi işleme alabilmemiz için lütfen yukarıdaki mesajımızda bulunan *Onayla* veya *İptal Et* butonlarını kullanınız.', '2026-03-12 19:48:18', '{}'),
(1255, 'wamid.HBgMOTA1MzM0NzY3MzUzFQIAEhggQUMwQjY5ODA5RkFCQ0RBOUJGMjM3QUNCNkRGODk1RTMA', 1, 664, 'incoming', 'button', 'Onayla', '2026-03-12 20:41:34', '{}'),
(1256, 'wamid_out_genel_29165', 1, 664, 'outgoing', 'text', 'Talebinizi yetkili birime ilettim. En kısa sürede size dönüş yapılacaktır.\n\n------------------\n📦 *Hatırlatma:* 2299.00 TL tutarındaki siparişiniz onay beklemektedir.\n\n    🛒 *Sipariş İçeriğiniz:*\n🔹 *1 Adet* - Katlanabilir Ahtapot Kurutmalık — Yer Kaplamayan Pratik Çamaşır Askılığı\n\nSiparişinizi işleme alabilmemiz için lütfen yukarıdaki mesajımızda bulunan *Onayla* veya *İptal Et* butonlarını kullanınız.', '2026-03-12 20:41:42', '{}'),
(1257, 'wamid.HBgMOTA1MzkyMDUwNTI1FQIAEhggQUNBQkJFMEE2NjM5NDlEOTE3NzI1REVBRUMzOTcxQTEA', 1, 667, 'incoming', 'button', 'Onayla', '2026-03-12 20:45:40', '{}'),
(1258, 'wamid_out_genel_29181', 1, 667, 'outgoing', 'text', 'Talebinizi yetkili birime ilettim. En kısa sürede size dönüş yapılacaktır.\n\n------------------\n📦 *Hatırlatma:* 999.99 TL tutarındaki siparişiniz onay beklemektedir.\n\n    🛒 *Sipariş İçeriğiniz:*\n🔹 *1 Adet* - Elysora Kamp, Yurt ve Seyahatler İçin Pratik Çözüm: Mini Çamaşır Makinesi! Portatif Çamaşır Yıkama Aleti\n\nSiparişinizi işleme alabilmemiz için lütfen yukarıdaki mesajımızda bulunan *Onayla* veya *İptal Et* butonlarını kullanınız.', '2026-03-12 20:45:45', '{}'),
(1259, 'wamid.HBgMOTA1NDU3MzUxMzE3FQIAEhggQUM3MTNCQTY5N0U4NkFGNDQyRDE5RUExNzNFNTc5RkUA', 1, 663, 'incoming', 'text', 'Bu nedir  birkaç adet farklı sipariş verdim', '2026-03-12 21:28:10', '{}'),
(1260, 'wamid_out_genel_29229', 1, 663, 'outgoing', 'text', 'Siparişinizdeki ürün \"Elysora Mini Taşınabilir Çamaşır Makinesi\"dir. Bu ürün, az miktardaki çamaşırları pratik bir şekilde yıkamanıza olanak tanır ve kompakt tasarımı sayesinde evde, kampta veya seyahatte kullanılabilir. \n\nÜrünle ilgili detaylar:\n\n- **Fiyat:** 999.99 TL\n- **Öne Çıkan Özellikler:**\n  - Mini ve taşınabilir tasarım\n  - Güçlü döner yıkama sistemi\n  - Az su ve enerji tüketimi\n  - Kullanımı kolay\n\nBaşka bir siparişle ilgili bilgi almak ister misiniz?\n\n------------------\n📦 *Hatırlatma:* 999.99 TL tutarındaki siparişiniz onay beklemektedir.\n\n    🛒 *Sipariş İçeriğiniz:*\n🔹 *1 Adet* - Elysora Kamp, Yurt ve Seyahatler İçin Pratik Çözüm: Mini Çamaşır Makinesi! Portatif Çamaşır Yıkama Aleti\n\nSiparişinizi işleme alabilmemiz için lütfen yukarıdaki mesajımızda bulunan *Onayla* veya *İptal Et* butonlarını kullanınız.', '2026-03-12 21:28:19', '{}'),
(1261, 'wamid.HBgMOTA1NDU3MzUxMzE3FQIAEhggQUM5REIyNUMzMjA5RTc0QzAxNEFCNUFDMDI4QjBGM0MA', 1, 663, 'incoming', 'button', 'Onayla', '2026-03-12 21:28:58', '{}'),
(1262, 'wamid_out_genel_29236', 1, 663, 'outgoing', 'text', 'Talebinizi yetkili birime ilettim. En kısa sürede size dönüş yapılacaktır. Başka bir konuda yardımcı olabilir miyim?\n\n------------------\n📦 *Hatırlatma:* 999.99 TL tutarındaki siparişiniz onay beklemektedir.\n\n    🛒 *Sipariş İçeriğiniz:*\n🔹 *1 Adet* - Elysora Kamp, Yurt ve Seyahatler İçin Pratik Çözüm: Mini Çamaşır Makinesi! Portatif Çamaşır Yıkama Aleti\n\nSiparişinizi işleme alabilmemiz için lütfen yukarıdaki mesajımızda bulunan *Onayla* veya *İptal Et* butonlarını kullanınız.', '2026-03-12 21:29:03', '{}'),
(1263, 'wamid.HBgMOTA1Mzk1NTYyMDMxFQIAEhggQUNFMEZENDU0RjVFREYwQ0FDMEM3MEM4QTk5REI1NjgA', 1, 671, 'incoming', 'button', 'Onayla', '2026-03-12 21:34:32', '{}'),
(1264, 'wamid_out_genel_29249', 1, 671, 'outgoing', 'text', 'Talebinizi yetkili birime ilettim. En kısa sürede size dönüş yapılacaktır.\n\n------------------\n📦 *Hatırlatma:* 999.00 TL tutarındaki siparişiniz onay beklemektedir.\n\n    🛒 *Sipariş İçeriğiniz:*\n🔹 *1 Adet* - Slimming Patch – Sertifikalı Zayıflama Bandı (Sağlık Bakanlığı Onaylı)\n\nSiparişinizi işleme alabilmemiz için lütfen yukarıdaki mesajımızda bulunan *Onayla* veya *İptal Et* butonlarını kullanınız.', '2026-03-12 21:34:39', '{}'),
(1265, 'wamid.HBgMOTA1Mzk1NTYyMDMxFQIAEhggQUNEQzU3OTY5MkUwQzg3QUZDNjA2Q0JBOUI4ODRBQjMA', 1, 671, 'incoming', 'text', 'Faydasını görecek misin etkisi olur mu ki', '2026-03-12 21:34:47', '{}'),
(1266, 'wamid_out_genel_29254', 1, 671, 'outgoing', 'text', '**Slimming Patch – Sertifikalı Zayıflama Bandı**, zayıflama sürecini desteklemek için geliştirilmiş ve Sağlık Bakanlığı onayına sahip bir üründür. Pratik yapısı sayesinde gün içinde rahatça kullanılabilir. \n\nDüzenli kullanım, sağlıklı yaşam hedeflerinize ulaşmanıza yardımcı olabilir. Ancak en iyi sonuçları elde etmek için spor yapmanız ve dengeli beslenmeniz önerilir.\n\nMemnun kalmazsanız iade garantisi de bulunmaktadır. Eğer ürün hakkında daha fazla bilgiye ihtiyacınız olursa buradayım!\n\n------------------\n📦 *Hatırlatma:* 999.00 TL tutarındaki siparişiniz onay beklemektedir.\n\n    🛒 *Sipariş İçeriğiniz:*\n🔹 *1 Adet* - Slimming Patch – Sertifikalı Zayıflama Bandı (Sağlık Bakanlığı Onaylı)\n\nSiparişinizi işleme alabilmemiz için lütfen yukarıdaki mesajımızda bulunan *Onayla* veya *İptal Et* butonlarını kullanınız.', '2026-03-12 21:34:56', '{}'),
(1267, 'wamid.HBgMOTA1Mzk1NTYyMDMxFQIAEhggQUNDQjJFMUIyNkQzNzA5Q0RGQURGQ0QyMTZEODY4MTkA', 1, 671, 'incoming', 'text', 'Onayladım', '2026-03-12 21:35:22', '{}'),
(1268, 'wamid_out_genel_29258', 1, 671, 'outgoing', 'text', 'Talebinizi yetkili birime ilettim. En kısa sürede size dönüş yapılacaktır.\n\n------------------\n📦 *Hatırlatma:* 999.00 TL tutarındaki siparişiniz onay beklemektedir.\n\n    🛒 *Sipariş İçeriğiniz:*\n🔹 *1 Adet* - Slimming Patch – Sertifikalı Zayıflama Bandı (Sağlık Bakanlığı Onaylı)\n\nSiparişinizi işleme alabilmemiz için lütfen yukarıdaki mesajımızda bulunan *Onayla* veya *İptal Et* butonlarını kullanınız.', '2026-03-12 21:35:28', '{}'),
(1269, 'wamid.HBgMOTA1MzA1NDM5NDYzFQIAEhgUM0E3MThGMTAxMzY2MTg5NDQxQzMA', 1, 676, 'incoming', 'button', 'Onayla', '2026-03-12 21:48:18', '{}'),
(1270, 'wamid_out_genel_29282', 1, 676, 'outgoing', 'text', 'Talebinizi yetkili birime ilettim. En kısa sürede size dönüş yapılacaktır.\n\n------------------\n📦 *Hatırlatma:* 999.00 TL tutarındaki siparişiniz onay beklemektedir.\n\n    🛒 *Sipariş İçeriğiniz:*\n🔹 *1 Adet* - Slimming Patch – Sertifikalı Zayıflama Bandı (Sağlık Bakanlığı Onaylı)\n\nSiparişinizi işleme alabilmemiz için lütfen yukarıdaki mesajımızda bulunan *Onayla* veya *İptal Et* butonlarını kullanınız.', '2026-03-12 21:48:29', '{}'),
(1271, 'wamid.HBgMOTA1MzM2ODU1OTA0FQIAEhggQUMxNkNEQjQ4NDFCOEZEMDcwMDVCMzg4MTk1ODFEQjYA', 1, 666, 'incoming', 'button', 'Onayla', '2026-03-13 02:01:25', '{}'),
(1272, 'wamid_out_genel_29544', 1, 666, 'outgoing', 'text', 'Onayladığınız ürün: **Elysora Lodos Fan Led 62w Kumandalı Işıklı Vantilatör**. Detaylar;\n\n- **Aydınlatma ve fan** bir arada (62W LED)\n- **Kumandalı kullanım**\n- **E27/E26 duy uyumu** (kolay montaj)\n- **Sessiz çalışma**\n- **Kompakt tasarım**\n\nEkstra bilgiye veya satın alma yapmak isterseniz [buradan ulaşabilirsiniz](https://ely-sora.com/products/elysora-lodos-fan-led-62w-kumandali-isikli-vantilator?utm_medium=paid&utm_id=120236843980120582&utm_content=120236844048530582&utm_term=120236843980140582&utm_campaign=120236843980120582&fbclid=IwY2xjawQgBABleHRuA2FlbQEwAGFkaWQBqyrFzOh1xnNydGMGYXBwX2lkDzI0NTc5MDgxODk1NTg2OAABHvvsmhn1e7EyDdiyIvjiMKVVWfZsfKDlDcT83NNI5ORzj0Hvcjbw4GB03PvR_aem_mulkxtoxuymOE0ZUr4lSRQ&utm_source=facebook&campaign_id=120236843980120582&ad_id=120236844048530582). \n\nBaşka bir sorunuz var mı?\n\n------------------\n📦 *Hatırlatma:* 1599.00 TL tutarındaki siparişiniz onay beklemektedir.\n\n    🛒 *Sipariş İçeriğiniz:*\n🔹 *1 Adet* - Elysora Lodos Fan Led 62w Kumandalı Işıklı Vantilatör\n\nSiparişinizi işleme alabilmemiz için lütfen yukarıdaki mesajımızda bulunan *Onayla* veya *İptal Et* butonlarını kullanınız.', '2026-03-13 02:01:50', '{}'),
(1273, 'wamid.HBgMOTA1MzQ2MDA0NDM0FQIAEhgUM0FCNUJFQjhGNjFBQUVDNjYyQkIA', 1, 681, 'incoming', 'button', 'Onayla', '2026-03-13 04:51:19', '{}'),
(1274, 'wamid_out_genel_29725', 1, 681, 'outgoing', 'text', 'Talebinizi yetkili birime ilettim. En kısa sürede size dönüş yapılacaktır.\n\n------------------\n📦 *Hatırlatma:* 999.99 TL tutarındaki siparişiniz onay beklemektedir.\n\n    🛒 *Sipariş İçeriğiniz:*\n🔹 *1 Adet* - Elysora Kamp, Yurt ve Seyahatler İçin Pratik Çözüm: Mini Çamaşır Makinesi! Portatif Çamaşır Yıkama Aleti\n\nSiparişinizi işleme alabilmemiz için lütfen yukarıdaki mesajımızda bulunan *Onayla* veya *İptal Et* butonlarını kullanınız.', '2026-03-13 04:51:26', '{}'),
(1275, 'wamid.HBgMOTA1NDExMjY1MzUzFQIAEhggQUM5MUU4MkVBMDVCNUQyQzY3Qzc3RDk4RjQ2OTI3REMA', 1, 683, 'incoming', 'text', 'Ne zaman gelir kargo', '2026-03-13 06:12:58', '{}'),
(1276, 'wamid_out_genel_29813', 1, 683, 'outgoing', 'text', 'Talebinizi yetkili birime ilettim. En kısa sürede size dönüş yapılacaktır.', '2026-03-13 06:13:04', '{}'),
(1277, 'wamid.HBgMOTA1MzUwNTM0NTA5FQIAEhgUM0E3MEZGREYyNURDMTlBREEzQzMA', 1, 685, 'incoming', 'text', 'Aldigimiz urun biraz once teslim edildi. Ancak urun hasarli geldi', '2026-03-13 08:09:46', '{}'),
(1278, 'wamid_out_genel_29938', 1, 685, 'outgoing', 'text', 'Talebinizi yetkili birime ilettim. En kısa sürede size dönüş yapılacaktır.', '2026-03-13 08:09:53', '{}'),
(1279, 'wamid.HBgMOTA1MzUwNTM0NTA5FQIAEhgWM0VCMDY2NjU1OUM2QkNEQjk3NDAxMgA=', 1, 685, 'incoming', 'text', 'alt plastik tabanlığın kenarı yırtık', '2026-03-13 08:14:21', '{}'),
(1280, 'wamid_out_genel_29950', 1, 685, 'outgoing', 'text', 'Talebinizi yetkili birime ilettim. En kısa sürede size dönüş yapılacaktır.', '2026-03-13 08:14:27', '{}'),
(1281, 'wamid.HBgMOTA1MzMyODM3NTYzFQIAEhggQUMyQ0QwOUVGQTQ5OUI0QjE0RjZCQzhFNjlFOEMzQ0IA', 1, 607, 'incoming', 'button', 'Onayla', '2026-03-13 09:24:12', '{}'),
(1282, 'wamid_out_genel_30029', 1, 607, 'outgoing', 'text', 'Talebinizi yetkili birime ilettim. En kısa sürede size dönüş yapılacaktır.\n\n------------------\n📦 *Hatırlatma:* 999.00 TL tutarındaki siparişiniz onay beklemektedir.\n\n    🛒 *Sipariş İçeriğiniz:*\n🔹 *1 Adet* - Slimming Patch – Sertifikalı Zayıflama Bandı (Sağlık Bakanlığı Onaylı)\n\nSiparişinizi işleme alabilmemiz için lütfen yukarıdaki mesajımızda bulunan *Onayla* veya *İptal Et* butonlarını kullanınız.', '2026-03-13 09:24:19', '{}'),
(1283, 'wamid.HBgMOTA1MzAyNjE1Mzc3FQIAEhgUM0FDMkJBODY1QTc3QTRGQzk1NEQA', 1, 627, 'incoming', 'text', 'Savcılığı pazartesı gıdıb sızın adresınızde şıkayet edıcam', '2026-03-13 10:19:27', '{}'),
(1284, 'wamid.HBgMOTA1MzAyNjE1Mzc3FQIAEhgUM0E2NjdCN0U3ODRGQkFEMDYwRDkA', 1, 627, 'incoming', 'text', 'Haberınız olsun', '2026-03-13 10:19:31', '{}'),
(1285, 'wamid_out_genel_30095', 1, 627, 'outgoing', 'text', 'Talebinizi yetkili birime ilettim. En kısa sürede size dönüş yapılacaktır.', '2026-03-13 10:19:33', '{}'),
(1286, 'wamid_out_genel_30093', 1, 627, 'outgoing', 'text', 'Talebinizi yetkili birime ilettim. En kısa sürede size dönüş yapılacaktır.', '2026-03-13 10:19:33', '{}'),
(1287, 'wamid_api_30345', 1, 31, 'outgoing', 'text', 'Merhaba, bu bir simülasyon test mesajıdır. — MYBHEG Panel', '2026-03-13 21:15:03', '{\"source\": \"php_api\"}'),
(1288, 'wamid.HBgMOTA1NTI5MjQzOTkyFQIAEhgUM0FEMjBGMjFENThCODBFODIxODcA', 1, 31, 'incoming', 'text', 'Merhaba ürünleriniz hakkında bilgi alabilir miyim', '2026-03-13 21:19:41', '{}'),
(1289, 'wamid.HBgMOTA1NTI5MjQzOTkyFQIAEhgUM0E1NjU1NUQ4Q0YxQTY1OTU4MzQA', 1, 31, 'incoming', 'text', '1', '2026-03-13 21:20:34', '{}'),
(1290, 'wamid_api_30362', 1, 31, 'outgoing', 'text', 'Test: giden mesaj loglama düzeltmesi — panel mesajı MySQL e düşmeli', '2026-03-13 21:28:32', '{\"source\": \"panel\"}'),
(1291, 'wamid_api_30374', 1, 31, 'outgoing', 'text', 'nabeeeer', '2026-03-13 22:06:18', '{\"source\": \"panel\"}'),
(1292, 'wamid.HBgMOTA1NTI5MjQzOTkyFQIAEhgUM0EzOEQxOTcxREREMDdCOTE4RUYA', 1, 31, 'incoming', 'text', 'İyi semdem', '2026-03-13 22:06:32', '{}'),
(1293, 'wamid_out_genel_30378', 1, 31, 'outgoing', 'text', 'Merhaba! Size nasıl yardımcı olabilirim?', '2026-03-13 22:06:37', '{}'),
(1294, 'wamid.HBgMOTA1NTI5MjQzOTkyFQIAEhgUM0EyNUVBODcxNDdGQjg5MDAzMkEA', 1, 31, 'incoming', 'text', '2', '2026-03-13 22:06:58', '{}'),
(1295, 'wamid_api_30389', 1, 31, 'outgoing', 'text', '3', '2026-03-13 22:07:18', '{\"source\": \"panel\"}');

-- --------------------------------------------------------

--
-- Tablo için tablo yapısı `users`
--

CREATE TABLE `users` (
  `id` int(11) NOT NULL,
  `username` varchar(50) NOT NULL,
  `password` varchar(255) NOT NULL,
  `system_phone` varchar(20) NOT NULL,
  `created_at` timestamp NULL DEFAULT current_timestamp()
) ENGINE=InnoDB DEFAULT CHARSET=utf8mb4 COLLATE=utf8mb4_turkish_ci;

--
-- Tablo döküm verisi `users`
--

INSERT INTO `users` (`id`, `username`, `password`, `system_phone`, `created_at`) VALUES
(1, 'admin1', '$2b$10$JYaP7EINC46wt4Wc.8uTkeSdi0PZpAu9Mk.6csL6yeUl1cq7EchDi', '905419682572', '2026-03-10 22:04:41'),
(2, 'admin2', '$2b$10$tyDotcO2AlyYVHZH1SUJl.tyMKGMoAJqJGTPbamTE9p7pjUzDO1bi', '905551112233', '2026-03-10 22:04:41'),
(3, 'admin3', '$2b$10$q6cAFDVhhg7ONHPKeRUMCe4bniYCMgR3dJ3.flQ7GsRgD9k4pjdBG', '905554445566', '2026-03-10 22:04:42');

--
-- Dökümü yapılmış tablolar için indeksler
--

--
-- Tablo için indeksler `contacts`
--
ALTER TABLE `contacts`
  ADD PRIMARY KEY (`id`),
  ADD UNIQUE KEY `unique_user_phone` (`user_id`,`phone`);

--
-- Tablo için indeksler `messages`
--
ALTER TABLE `messages`
  ADD PRIMARY KEY (`id`),
  ADD UNIQUE KEY `message_id` (`message_id`),
  ADD KEY `user_id` (`user_id`),
  ADD KEY `contact_id` (`contact_id`);

--
-- Tablo için indeksler `users`
--
ALTER TABLE `users`
  ADD PRIMARY KEY (`id`),
  ADD UNIQUE KEY `username` (`username`),
  ADD UNIQUE KEY `system_phone` (`system_phone`);

--
-- Dökümü yapılmış tablolar için AUTO_INCREMENT değeri
--

--
-- Tablo için AUTO_INCREMENT değeri `contacts`
--
ALTER TABLE `contacts`
  MODIFY `id` int(11) NOT NULL AUTO_INCREMENT, AUTO_INCREMENT=702;

--
-- Tablo için AUTO_INCREMENT değeri `messages`
--
ALTER TABLE `messages`
  MODIFY `id` int(11) NOT NULL AUTO_INCREMENT, AUTO_INCREMENT=1296;

--
-- Tablo için AUTO_INCREMENT değeri `users`
--
ALTER TABLE `users`
  MODIFY `id` int(11) NOT NULL AUTO_INCREMENT, AUTO_INCREMENT=4;

--
-- Dökümü yapılmış tablolar için kısıtlamalar
--

--
-- Tablo kısıtlamaları `contacts`
--
ALTER TABLE `contacts`
  ADD CONSTRAINT `contacts_ibfk_1` FOREIGN KEY (`user_id`) REFERENCES `users` (`id`) ON DELETE CASCADE;

--
-- Tablo kısıtlamaları `messages`
--
ALTER TABLE `messages`
  ADD CONSTRAINT `messages_ibfk_1` FOREIGN KEY (`user_id`) REFERENCES `users` (`id`) ON DELETE CASCADE,
  ADD CONSTRAINT `messages_ibfk_2` FOREIGN KEY (`contact_id`) REFERENCES `contacts` (`id`) ON DELETE CASCADE;
COMMIT;

/*!40101 SET CHARACTER_SET_CLIENT=@OLD_CHARACTER_SET_CLIENT */;
/*!40101 SET CHARACTER_SET_RESULTS=@OLD_CHARACTER_SET_RESULTS */;
/*!40101 SET COLLATION_CONNECTION=@OLD_COLLATION_CONNECTION */;
